strike,bid,ask,volume,openInterest,type,expiry,spot,snapshot
6000.0,1803.8,1824.3,,1.0,C,2026-10-26,7803.91015625,2026-10-07T14:48-04:00
6500.0,1305.5,1326.0,,3.0,C,2026-10-26,7803.91015625,2026-10-07T14:48-04:00
7370.0,443.1,463.6,1.0,1.0,C,2026-10-26,7803.91015625,2026-10-07T14:48-04:00
7400.0,414.1,434.6,1.0,1.0,C,2026-10-26,7803.91015625,2026-10-07T14:48-04:00
7430.0,385.2,405.7,1.0,1.0,C,2026-10-26,7803.91015625,2026-10-07T14:48-04:00
7475.0,342.3,362.8,,2.0,C,2026-10-26,7803.91015625,2026-10-07T14:48-04:00
7480.0,344.3,349.7,2.0,5.0,C,2026-10-26,7803.91015625,2026-10-07T14:48-04:00
7500.0,326.7,332.0,35.0,49.0,C,2026-10-26,7803.91015625,2026-10-07T14:48-04:00
7520.0,307.4,311.9,4.0,12.0,C,2026-10-26,7803.91015625,2026-10-07T14:48-04:00
7525.0,303.4,308.6,12.0,8.0,C,2026-10-26,7803.91015625,2026-10-07T14:48-04:00
7550.0,280.4,285.6,4.0,7.0,C,2026-10-26,7803.91015625,2026-10-07T14:48-04:00
7575.0,257.8,262.7,,7.0,C,2026-10-26,7803.91015625,2026-10-07T14:48-04:00
7580.0,253.3,258.3,6.0,9.0,C,2026-10-26,7803.91015625,2026-10-07T14:48-04:00
7600.0,234.9,239.1,1.0,21.0,C,2026-10-26,7803.91015625,2026-10-07T14:48-04:00
7610.0,226.8,231.6,2.0,1.0,C,2026-10-26,7803.91015625,2026-10-07T14:48-04:00
7620.0,216.7,221.9,1.0,4.0,C,2026-10-26,7803.91015625,2026-10-07T14:48-04:00
7625.0,213.8,218.6,31.0,54.0,C,2026-10-26,7803.91015625,2026-10-07T14:48-04:00
7630.0,209.5,214.3,3.0,5.0,C,2026-10-26,7803.91015625,2026-10-07T14:48-04:00
7640.0,200.4,204.4,11.0,24.0,C,2026-10-26,7803.91015625,2026-10-07T14:48-04:00
7650.0,191.5,196.4,12.0,68.0,C,2026-10-26,7803.91015625,2026-10-07T14:48-04:00
7660.0,183.7,188.8,2.0,55.0,C,2026-10-26,7803.91015625,2026-10-07T14:48-04:00
7670.0,175.5,180.5,1.0,11.0,C,2026-10-26,7803.91015625,2026-10-07T14:48-04:00
7675.0,172.3,176.4,6.0,126.0,C,2026-10-26,7803.91015625,2026-10-07T14:48-04:00
7680.0,168.2,172.3,3.0,12.0,C,2026-10-26,7803.91015625,2026-10-07T14:48-04:00
7690.0,159.7,163.8,1.0,69.0,C,2026-10-26,7803.91015625,2026-10-07T14:48-04:00
7700.0,152.2,156.5,4.0,414.0,C,2026-10-26,7803.91015625,2026-10-07T14:48-04:00
7710.0,145.1,149.1,5.0,134.0,C,2026-10-26,7803.91015625,2026-10-07T14:48-04:00
7720.0,138.8,139.4,25.0,95.0,C,2026-10-26,7803.91015625,2026-10-07T14:48-04:00
7725.0,135.1,135.6,3.0,170.0,C,2026-10-26,7803.91015625,2026-10-07T14:48-04:00
7730.0,131.2,131.8,1.0,123.0,C,2026-10-26,7803.91015625,2026-10-07T14:48-04:00
7740.0,124.2,124.6,18.0,87.0,C,2026-10-26,7803.91015625,2026-10-07T14:48-04:00
7750.0,117.3,117.7,83.0,352.0,C,2026-10-26,7803.91015625,2026-10-07T14:48-04:00
7760.0,110.2,110.7,22.0,63.0,C,2026-10-26,7803.91015625,2026-10-07T14:48-04:00
7770.0,103.4,103.9,6.0,27.0,C,2026-10-26,7803.91015625,2026-10-07T14:48-04:00
7775.0,100.2,100.7,6.0,159.0,C,2026-10-26,7803.91015625,2026-10-07T14:48-04:00
7780.0,96.8,97.3,9.0,146.0,C,2026-10-26,7803.91015625,2026-10-07T14:48-04:00
7790.0,90.7,91.1,11.0,31.0,C,2026-10-26,7803.91015625,2026-10-07T14:48-04:00
7800.0,84.4,84.9,13.0,398.0,C,2026-10-26,7803.91015625,2026-10-07T14:48-04:00
7810.0,78.6,79.0,15.0,571.0,C,2026-10-26,7803.91015625,2026-10-07T14:48-04:00
7820.0,73.5,74.1,19.0,22.0,C,2026-10-26,7803.91015625,2026-10-07T14:48-04:00
7825.0,70.3,70.8,5.0,152.0,C,2026-10-26,7803.91015625,2026-10-07T14:48-04:00
7830.0,67.7,68.2,1.0,80.0,C,2026-10-26,7803.91015625,2026-10-07T14:48-04:00
7840.0,62.4,62.9,18.0,110.0,C,2026-10-26,7803.91015625,2026-10-07T14:48-04:00
7850.0,57.6,58.0,33.0,519.0,C,2026-10-26,7803.91015625,2026-10-07T14:48-04:00
7875.0,46.3,46.8,31.0,268.0,C,2026-10-26,7803.91015625,2026-10-07T14:48-04:00
7900.0,36.8,37.2,72.0,235.0,C,2026-10-26,7803.91015625,2026-10-07T14:48-04:00
7925.0,28.6,29.0,3.0,132.0,C,2026-10-26,7803.91015625,2026-10-07T14:48-04:00
7950.0,21.8,22.3,26.0,135.0,C,2026-10-26,7803.91015625,2026-10-07T14:48-04:00
7975.0,16.3,16.8,44.0,178.0,C,2026-10-26,7803.91015625,2026-10-07T14:48-04:00
8000.0,12.0,12.3,32.0,236.0,C,2026-10-26,7803.91015625,2026-10-07T14:48-04:00
8025.0,8.7,9.0,17.0,167.0,C,2026-10-26,7803.91015625,2026-10-07T14:48-04:00
8050.0,6.2,6.4,12.0,61.0,C,2026-10-26,7803.91015625,2026-10-07T14:48-04:00
8075.0,4.5,4.7,24.0,586.0,C,2026-10-26,7803.91015625,2026-10-07T14:48-04:00
8100.0,3.2,3.4,34.0,1592.0,C,2026-10-26,7803.91015625,2026-10-07T14:48-04:00
8125.0,2.3,2.45,74.0,99.0,C,2026-10-26,7803.91015625,2026-10-07T14:48-04:00
8150.0,1.7,1.8,68.0,173.0,C,2026-10-26,7803.91015625,2026-10-07T14:48-04:00
8175.0,1.25,1.35,3.0,72.0,C,2026-10-26,7803.91015625,2026-10-07T14:48-04:00
8200.0,0.95,1.1,30.0,99.0,C,2026-10-26,7803.91015625,2026-10-07T14:48-04:00
8225.0,0.75,0.9,1.0,12.0,C,2026-10-26,7803.91015625,2026-10-07T14:48-04:00
8250.0,0.6,0.75,1.0,9.0,C,2026-10-26,7803.91015625,2026-10-07T14:48-04:00
8275.0,0.5,0.65,1.0,3.0,C,2026-10-26,7803.91015625,2026-10-07T14:48-04:00
8300.0,0.45,0.55,30.0,56.0,C,2026-10-26,7803.91015625,2026-10-07T14:48-04:00
8400.0,0.2,0.35,1.0,6.0,C,2026-10-26,7803.91015625,2026-10-07T14:48-04:00
8500.0,0.15,0.3,251.0,261.0,C,2026-10-26,7803.91015625,2026-10-07T14:48-04:00
8600.0,0.1,0.25,,21.0,C,2026-10-26,7803.91015625,2026-10-07T14:48-04:00
9000.0,0.0,0.15,1.0,1.0,C,2026-10-26,7803.91015625,2026-10-07T14:48-04:00
9200.0,0.0,0.1,1.0,1.0,C,2026-10-26,7803.91015625,2026-10-07T14:48-04:00
10000.0,0.0,0.1,,5.0,C,2026-10-26,7803.91015625,2026-10-07T14:48-04:00
3200.0,0.0,0.1,1.0,162.0,P,2026-10-26,7803.91015625,2026-10-07T14:48-04:00
3800.0,0.0,0.05,,1.0,P,2026-10-26,7803.91015625,2026-10-07T14:48-04:00
4000.0,0.0,0.1,1.0,12.0,P,2026-10-26,7803.91015625,2026-10-07T14:48-04:00
4400.0,0.0,0.15,1.0,76.0,P,2026-10-26,7803.91015625,2026-10-07T14:48-04:00
4600.0,0.05,0.15,7.0,30.0,P,2026-10-26,7803.91015625,2026-10-07T14:48-04:00
4800.0,0.05,0.2,1.0,79.0,P,2026-10-26,7803.91015625,2026-10-07T14:48-04:00
5000.0,0.1,0.25,100.0,117.0,P,2026-10-26,7803.91015625,2026-10-07T14:48-04:00
5200.0,0.15,0.25,150.0,209.0,P,2026-10-26,7803.91015625,2026-10-07T14:48-04:00
5400.0,0.2,0.35,11.0,182.0,P,2026-10-26,7803.91015625,2026-10-07T14:48-04:00
5600.0,0.3,0.4,4.0,220.0,P,2026-10-26,7803.91015625,2026-10-07T14:48-04:00
5800.0,0.35,0.5,32.0,232.0,P,2026-10-26,7803.91015625,2026-10-07T14:48-04:00
6000.0,0.5,0.65,20.0,1503.0,P,2026-10-26,7803.91015625,2026-10-07T14:48-04:00
6100.0,0.6,0.7,11.0,662.0,P,2026-10-26,7803.91015625,2026-10-07T14:48-04:00
6200.0,0.7,0.8,15.0,306.0,P,2026-10-26,7803.91015625,2026-10-07T14:48-04:00
6300.0,0.8,0.9,7.0,69.0,P,2026-10-26,7803.91015625,2026-10-07T14:48-04:00
6400.0,0.95,1.05,47.0,110.0,P,2026-10-26,7803.91015625,2026-10-07T14:48-04:00
6500.0,1.1,1.2,2.0,79.0,P,2026-10-26,7803.91015625,2026-10-07T14:48-04:00
6600.0,1.25,1.35,96.0,466.0,P,2026-10-26,7803.91015625,2026-10-07T14:48-04:00
6625.0,1.3,1.45,50.0,247.0,P,2026-10-26,7803.91015625,2026-10-07T14:48-04:00
6650.0,1.35,1.45,2.0,2.0,P,2026-10-26,7803.91015625,2026-10-07T14:48-04:00
6675.0,1.4,1.5,2.0,2.0,P,2026-10-26,7803.91015625,2026-10-07T14:48-04:00
6700.0,1.45,1.6,1.0,49.0,P,2026-10-26,7803.91015625,2026-10-07T14:48-04:00
6725.0,1.5,1.65,10.0,51.0,P,2026-10-26,7803.91015625,2026-10-07T14:48-04:00
6750.0,1.6,1.7,14.0,19.0,P,2026-10-26,7803.91015625,2026-10-07T14:48-04:00
6775.0,1.65,1.75,1.0,10.0,P,2026-10-26,7803.91015625,2026-10-07T14:48-04:00
6800.0,1.7,1.85,15.0,85.0,P,2026-10-26,7803.91015625,2026-10-07T14:48-04:00
6825.0,1.8,1.9,,4.0,P,2026-10-26,7803.91015625,2026-10-07T14:48-04:00
6850.0,1.85,2.0,7.0,44.0,P,2026-10-26,7803.91015625,2026-10-07T14:48-04:00
6875.0,1.95,2.05,9.0,133.0,P,2026-10-26,7803.91015625,2026-10-07T14:48-04:00
6900.0,2.05,2.15,2.0,136.0,P,2026-10-26,7803.91015625,2026-10-07T14:48-04:00
6925.0,2.1,2.25,27.0,42.0,P,2026-10-26,7803.91015625,2026-10-07T14:48-04:00
6950.0,2.25,2.4,12.0,60.0,P,2026-10-26,7803.91015625,2026-10-07T14:48-04:00
6975.0,2.35,2.5,10.0,45.0,P,2026-10-26,7803.91015625,2026-10-07T14:48-04:00
7000.0,2.45,2.6,144.0,864.0,P,2026-10-26,7803.91015625,2026-10-07T14:48-04:00
7025.0,2.6,2.7,1.0,33.0,P,2026-10-26,7803.91015625,2026-10-07T14:48-04:00
7050.0,2.7,2.85,3.0,116.0,P,2026-10-26,7803.91015625,2026-10-07T14:48-04:00
7075.0,2.9,3.1,14.0,121.0,P,2026-10-26,7803.91015625,2026-10-07T14:48-04:00
7100.0,3.0,3.2,31.0,269.0,P,2026-10-26,7803.91015625,2026-10-07T14:48-04:00
7125.0,3.2,3.4,26.0,107.0,P,2026-10-26,7803.91015625,2026-10-07T14:48-04:00
7150.0,3.4,3.6,72.0,171.0,P,2026-10-26,7803.91015625,2026-10-07T14:48-04:00
7175.0,3.6,3.8,28.0,70.0,P,2026-10-26,7803.91015625,2026-10-07T14:48-04:00
7200.0,3.8,4.1,103.0,294.0,P,2026-10-26,7803.91015625,2026-10-07T14:48-04:00
7225.0,4.2,4.4,16.0,78.0,P,2026-10-26,7803.91015625,2026-10-07T14:48-04:00
7250.0,4.5,4.7,58.0,605.0,P,2026-10-26,7803.91015625,2026-10-07T14:48-04:00
7275.0,4.8,5.0,35.0,152.0,P,2026-10-26,7803.91015625,2026-10-07T14:48-04:00
7300.0,5.2,5.5,40.0,125.0,P,2026-10-26,7803.91015625,2026-10-07T14:48-04:00
7325.0,5.7,6.0,15.0,142.0,P,2026-10-26,7803.91015625,2026-10-07T14:48-04:00
7350.0,6.3,6.5,2.0,390.0,P,2026-10-26,7803.91015625,2026-10-07T14:48-04:00
7360.0,6.5,6.8,4.0,9.0,P,2026-10-26,7803.91015625,2026-10-07T14:48-04:00
7370.0,6.9,7.1,2.0,26.0,P,2026-10-26,7803.91015625,2026-10-07T14:48-04:00
7375.0,6.9,7.2,6.0,155.0,P,2026-10-26,7803.91015625,2026-10-07T14:48-04:00
7380.0,7.2,7.3,1.0,35.0,P,2026-10-26,7803.91015625,2026-10-07T14:48-04:00
7390.0,7.3,7.6,53.0,58.0,P,2026-10-26,7803.91015625,2026-10-07T14:48-04:00
7400.0,7.7,8.0,7.0,153.0,P,2026-10-26,7803.91015625,2026-10-07T14:48-04:00
7410.0,8.0,8.3,2.0,18.0,P,2026-10-26,7803.91015625,2026-10-07T14:48-04:00
7420.0,8.5,8.7,44.0,17.0,P,2026-10-26,7803.91015625,2026-10-07T14:48-04:00
7425.0,8.5,8.8,196.0,125.0,P,2026-10-26,7803.91015625,2026-10-07T14:48-04:00
7430.0,8.6,8.9,11.0,23.0,P,2026-10-26,7803.91015625,2026-10-07T14:48-04:00
7440.0,9.1,9.4,14.0,40.0,P,2026-10-26,7803.91015625,2026-10-07T14:48-04:00
7450.0,9.5,9.8,287.0,266.0,P,2026-10-26,7803.91015625,2026-10-07T14:48-04:00
7460.0,10.0,10.3,21.0,124.0,P,2026-10-26,7803.91015625,2026-10-07T14:48-04:00
7470.0,10.4,10.7,19.0,40.0,P,2026-10-26,7803.91015625,2026-10-07T14:48-04:00
7475.0,10.8,11.1,25.0,77.0,P,2026-10-26,7803.91015625,2026-10-07T14:48-04:00
7480.0,11.0,11.3,2.0,38.0,P,2026-10-26,7803.91015625,2026-10-07T14:48-04:00
7490.0,11.5,11.8,54.0,36.0,P,2026-10-26,7803.91015625,2026-10-07T14:48-04:00
7500.0,12.1,12.4,27.0,177.0,P,2026-10-26,7803.91015625,2026-10-07T14:48-04:00
7510.0,12.7,13.0,1.0,17.0,P,2026-10-26,7803.91015625,2026-10-07T14:48-04:00
7520.0,13.3,13.6,7.0,31.0,P,2026-10-26,7803.91015625,2026-10-07T14:48-04:00
7525.0,13.9,14.1,8.0,123.0,P,2026-10-26,7803.91015625,2026-10-07T14:48-04:00
7530.0,14.1,14.4,1.0,56.0,P,2026-10-26,7803.91015625,2026-10-07T14:48-04:00
7540.0,14.9,15.1,19.0,92.0,P,2026-10-26,7803.91015625,2026-10-07T14:48-04:00
7550.0,15.6,16.0,50.0,190.0,P,2026-10-26,7803.91015625,2026-10-07T14:48-04:00
7560.0,16.5,16.8,51.0,130.0,P,2026-10-26,7803.91015625,2026-10-07T14:48-04:00
7570.0,17.4,17.7,3.0,44.0,P,2026-10-26,7803.91015625,2026-10-07T14:48-04:00
7575.0,17.8,18.1,9.0,78.0,P,2026-10-26,7803.91015625,2026-10-07T14:48-04:00
7580.0,18.2,18.6,3.0,92.0,P,2026-10-26,7803.91015625,2026-10-07T14:48-04:00
7590.0,19.4,19.7,2.0,45.0,P,2026-10-26,7803.91015625,2026-10-07T14:48-04:00
7600.0,20.5,20.8,71.0,221.0,P,2026-10-26,7803.91015625,2026-10-07T14:48-04:00
7610.0,21.8,22.1,4.0,46.0,P,2026-10-26,7803.91015625,2026-10-07T14:48-04:00
7620.0,22.8,23.2,2.0,37.0,P,2026-10-26,7803.91015625,2026-10-07T14:48-04:00
7625.0,23.7,23.9,29.0,103.0,P,2026-10-26,7803.91015625,2026-10-07T14:48-04:00
7630.0,24.4,24.7,2.0,86.0,P,2026-10-26,7803.91015625,2026-10-07T14:48-04:00
7640.0,25.7,26.1,3.0,128.0,P,2026-10-26,7803.91015625,2026-10-07T14:48-04:00
7650.0,27.3,27.7,23.0,300.0,P,2026-10-26,7803.91015625,2026-10-07T14:48-04:00
7660.0,28.8,29.2,20.0,147.0,P,2026-10-26,7803.91015625,2026-10-07T14:48-04:00
7670.0,30.3,30.9,5.0,47.0,P,2026-10-26,7803.91015625,2026-10-07T14:48-04:00
7675.0,31.5,31.9,16.0,286.0,P,2026-10-26,7803.91015625,2026-10-07T14:48-04:00
7680.0,32.6,32.9,33.0,67.0,P,2026-10-26,7803.91015625,2026-10-07T14:48-04:00
7690.0,34.6,34.9,11.0,59.0,P,2026-10-26,7803.91015625,2026-10-07T14:48-04:00
7700.0,36.5,36.9,19.0,658.0,P,2026-10-26,7803.91015625,2026-10-07T14:48-04:00
7710.0,38.6,39.1,81.0,98.0,P,2026-10-26,7803.91015625,2026-10-07T14:48-04:00
7720.0,41.0,41.4,2.0,35.0,P,2026-10-26,7803.91015625,2026-10-07T14:48-04:00
7725.0,42.5,42.9,5.0,114.0,P,2026-10-26,7803.91015625,2026-10-07T14:48-04:00
7730.0,43.8,44.1,7.0,150.0,P,2026-10-26,7803.91015625,2026-10-07T14:48-04:00
7740.0,46.2,46.7,15.0,277.0,P,2026-10-26,7803.91015625,2026-10-07T14:48-04:00
7750.0,49.4,49.8,23.0,418.0,P,2026-10-26,7803.91015625,2026-10-07T14:48-04:00
7760.0,52.4,52.8,4.0,171.0,P,2026-10-26,7803.91015625,2026-10-07T14:48-04:00
7770.0,55.7,56.1,5.0,64.0,P,2026-10-26,7803.91015625,2026-10-07T14:48-04:00
7775.0,57.6,58.0,19.0,90.0,P,2026-10-26,7803.91015625,2026-10-07T14:48-04:00
7780.0,59.1,59.6,5.0,4.0,P,2026-10-26,7803.91015625,2026-10-07T14:48-04:00
7790.0,63.0,63.4,11.0,93.0,P,2026-10-26,7803.91015625,2026-10-07T14:48-04:00
7800.0,66.7,67.1,10.0,50.0,P,2026-10-26,7803.91015625,2026-10-07T14:48-04:00
7810.0,70.9,71.4,18.0,22.0,P,2026-10-26,7803.91015625,2026-10-07T14:48-04:00
7820.0,75.3,75.7,41.0,58.0,P,2026-10-26,7803.91015625,2026-10-07T14:48-04:00
7825.0,77.5,77.9,3.0,33.0,P,2026-10-26,7803.91015625,2026-10-07T14:48-04:00
7830.0,79.1,79.9,1.0,27.0,P,2026-10-26,7803.91015625,2026-10-07T14:48-04:00
7840.0,84.8,85.2,2.0,34.0,P,2026-10-26,7803.91015625,2026-10-07T14:48-04:00
7850.0,89.7,90.2,12.0,37.0,P,2026-10-26,7803.91015625,2026-10-07T14:48-04:00
7875.0,103.6,104.0,1.0,2.0,P,2026-10-26,7803.91015625,2026-10-07T14:48-04:00
7900.0,118.9,119.4,47.0,36.0,P,2026-10-26,7803.91015625,2026-10-07T14:48-04:00
7925.0,133.4,137.6,1.0,10.0,P,2026-10-26,7803.91015625,2026-10-07T14:48-04:00
8000.0,192.9,197.2,,3.0,P,2026-10-26,7803.91015625,2026-10-07T14:48-04:00
5000.0,2810.4,2830.9,,85.0,C,2026-11-13,7803.91015625,2026-10-07T14:48-04:00
6000.0,1817.1,1837.6,790.0,996.0,C,2026-11-13,7803.91015625,2026-10-07T14:48-04:00
6400.0,1420.5,1440.9,1.0,1.0,C,2026-11-13,7803.91015625,2026-10-07T14:48-04:00
6600.0,1222.4,1243.7,1.0,1.0,C,2026-11-13,7803.91015625,2026-10-07T14:48-04:00
6650.0,1173.6,1194.1,3.0,1.0,C,2026-11-13,7803.91015625,2026-10-07T14:48-04:00
7000.0,830.7,851.0,790.0,911.0,C,2026-11-13,7803.91015625,2026-10-07T14:48-04:00
7075.0,758.0,775.3,5.0,5.0,C,2026-11-13,7803.91015625,2026-10-07T14:48-04:00
7100.0,733.9,754.4,5.0,13.0,C,2026-11-13,7803.91015625,2026-10-07T14:48-04:00
7200.0,637.9,658.4,,5.0,C,2026-11-13,7803.91015625,2026-10-07T14:48-04:00
7300.0,551.4,556.6,1.0,6.0,C,2026-11-13,7803.91015625,2026-10-07T14:48-04:00
7350.0,505.1,511.0,,1.0,C,2026-11-13,7803.91015625,2026-10-07T14:48-04:00
7425.0,437.0,442.6,5.0,6.0,C,2026-11-13,7803.91015625,2026-10-07T14:48-04:00
7450.0,414.6,419.5,1.0,3.0,C,2026-11-13,7803.91015625,2026-10-07T14:48-04:00
7475.0,392.6,398.1,1.0,2.0,C,2026-11-13,7803.91015625,2026-10-07T14:48-04:00
7500.0,371.4,376.8,2.0,13.0,C,2026-11-13,7803.91015625,2026-10-07T14:48-04:00
7525.0,349.9,354.6,5.0,7.0,C,2026-11-13,7803.91015625,2026-10-07T14:48-04:00
7550.0,328.2,333.4,1.0,16.0,C,2026-11-13,7803.91015625,2026-10-07T14:48-04:00
7575.0,306.5,311.6,1.0,5.0,C,2026-11-13,7803.91015625,2026-10-07T14:48-04:00
7580.0,303.2,308.3,7.0,7.0,C,2026-11-13,7803.91015625,2026-10-07T14:48-04:00
7600.0,287.0,291.9,1.0,16.0,C,2026-11-13,7803.91015625,2026-10-07T14:48-04:00
7610.0,279.5,283.9,2.0,1.0,C,2026-11-13,7803.91015625,2026-10-07T14:48-04:00
7625.0,267.5,271.9,8.0,3.0,C,2026-11-13,7803.91015625,2026-10-07T14:48-04:00
7630.0,263.6,267.9,1.0,4.0,C,2026-11-13,7803.91015625,2026-10-07T14:48-04:00
7640.0,255.8,260.1,2.0,7.0,C,2026-11-13,7803.91015625,2026-10-07T14:48-04:00
7650.0,248.0,252.3,3.0,23.0,C,2026-11-13,7803.91015625,2026-10-07T14:48-04:00
7660.0,242.5,243.0,1.0,12.0,C,2026-11-13,7803.91015625,2026-10-07T14:48-04:00
7670.0,234.8,235.4,4.0,7.0,C,2026-11-13,7803.91015625,2026-10-07T14:48-04:00
7675.0,230.7,231.3,14.0,35.0,C,2026-11-13,7803.91015625,2026-10-07T14:48-04:00
7680.0,227.3,227.9,1.0,31.0,C,2026-11-13,7803.91015625,2026-10-07T14:48-04:00
7690.0,219.8,220.3,1.0,16.0,C,2026-11-13,7803.91015625,2026-10-07T14:48-04:00
7700.0,212.3,213.0,10.0,54.0,C,2026-11-13,7803.91015625,2026-10-07T14:48-04:00
7710.0,205.2,205.7,1.0,24.0,C,2026-11-13,7803.91015625,2026-10-07T14:48-04:00
7720.0,198.2,204.5,8.0,22.0,C,2026-11-13,7803.91015625,2026-10-07T14:48-04:00
7725.0,194.5,195.0,3.0,40.0,C,2026-11-13,7803.91015625,2026-10-07T14:48-04:00
7730.0,190.9,191.4,5.0,66.0,C,2026-11-13,7803.91015625,2026-10-07T14:48-04:00
7740.0,183.9,184.5,31.0,20.0,C,2026-11-13,7803.91015625,2026-10-07T14:48-04:00
7750.0,177.4,177.9,4.0,61.0,C,2026-11-13,7803.91015625,2026-10-07T14:48-04:00
7760.0,170.8,171.3,2.0,31.0,C,2026-11-13,7803.91015625,2026-10-07T14:48-04:00
7770.0,163.9,164.4,1.0,9.0,C,2026-11-13,7803.91015625,2026-10-07T14:48-04:00
7775.0,160.9,161.4,418.0,6.0,C,2026-11-13,7803.91015625,2026-10-07T14:48-04:00
7780.0,157.5,158.0,1.0,25.0,C,2026-11-13,7803.91015625,2026-10-07T14:48-04:00
7790.0,151.5,153.7,2.0,4.0,C,2026-11-13,7803.91015625,2026-10-07T14:48-04:00
7800.0,145.1,145.6,700.0,344.0,C,2026-11-13,7803.91015625,2026-10-07T14:48-04:00
7810.0,139.2,141.4,20.0,19.0,C,2026-11-13,7803.91015625,2026-10-07T14:48-04:00
7820.0,133.1,133.6,19.0,49.0,C,2026-11-13,7803.91015625,2026-10-07T14:48-04:00
7825.0,130.4,132.6,416.0,288.0,C,2026-11-13,7803.91015625,2026-10-07T14:48-04:00
7830.0,127.3,127.9,1.0,64.0,C,2026-11-13,7803.91015625,2026-10-07T14:48-04:00
7840.0,121.8,122.3,10.0,37.0,C,2026-11-13,7803.91015625,2026-10-07T14:48-04:00
7850.0,116.3,116.8,184.0,84.0,C,2026-11-13,7803.91015625,2026-10-07T14:48-04:00
7875.0,103.2,103.6,65.0,118.0,C,2026-11-13,7803.91015625,2026-10-07T14:48-04:00
7900.0,91.1,91.5,34.0,259.0,C,2026-11-13,7803.91015625,2026-10-07T14:48-04:00
7925.0,80.3,80.7,10.0,204.0,C,2026-11-13,7803.91015625,2026-10-07T14:48-04:00
7950.0,69.6,70.1,15.0,165.0,C,2026-11-13,7803.91015625,2026-10-07T14:48-04:00
7975.0,60.2,60.6,33.0,113.0,C,2026-11-13,7803.91015625,2026-10-07T14:48-04:00
8000.0,51.9,52.3,83.0,1331.0,C,2026-11-13,7803.91015625,2026-10-07T14:48-04:00
8025.0,44.4,44.8,40.0,252.0,C,2026-11-13,7803.91015625,2026-10-07T14:48-04:00
8050.0,37.7,38.0,60.0,334.0,C,2026-11-13,7803.91015625,2026-10-07T14:48-04:00
8075.0,31.9,32.5,40.0,195.0,C,2026-11-13,7803.91015625,2026-10-07T14:48-04:00
8100.0,26.9,27.1,119.0,532.0,C,2026-11-13,7803.91015625,2026-10-07T14:48-04:00
8150.0,18.7,19.0,39.0,433.0,C,2026-11-13,7803.91015625,2026-10-07T14:48-04:00
8200.0,12.8,13.0,26.0,406.0,C,2026-11-13,7803.91015625,2026-10-07T14:48-04:00
8250.0,8.7,9.0,33.0,248.0,C,2026-11-13,7803.91015625,2026-10-07T14:48-04:00
8300.0,5.9,6.2,68.0,263.0,C,2026-11-13,7803.91015625,2026-10-07T14:48-04:00
8350.0,4.1,4.4,3.0,104.0,C,2026-11-13,7803.91015625,2026-10-07T14:48-04:00
8400.0,3.0,3.2,50.0,78.0,C,2026-11-13,7803.91015625,2026-10-07T14:48-04:00
8450.0,2.15,2.3,60.0,119.0,C,2026-11-13,7803.91015625,2026-10-07T14:48-04:00
8500.0,1.6,1.75,1.0,61.0,C,2026-11-13,7803.91015625,2026-10-07T14:48-04:00
8600.0,0.9,1.05,1.0,961.0,C,2026-11-13,7803.91015625,2026-10-07T14:48-04:00
8700.0,0.55,0.7,25.0,25.0,C,2026-11-13,7803.91015625,2026-10-07T14:48-04:00
8800.0,0.35,0.45,1.0,81.0,C,2026-11-13,7803.91015625,2026-10-07T14:48-04:00
9000.0,0.1,0.25,4.0,19.0,C,2026-11-13,7803.91015625,2026-10-07T14:48-04:00
9200.0,0.05,0.15,11.0,13.0,C,2026-11-13,7803.91015625,2026-10-07T14:48-04:00
9800.0,,0.1,,1.0,C,2026-11-13,7803.91015625,2026-10-07T14:48-04:00
3200.0,0.05,0.1,,1.0,P,2026-11-13,7803.91015625,2026-10-07T14:48-04:00
3400.0,0.1,0.15,1.0,5.0,P,2026-11-13,7803.91015625,2026-10-07T14:48-04:00
3600.0,0.1,0.2,5.0,9.0,P,2026-11-13,7803.91015625,2026-10-07T14:48-04:00
3800.0,0.15,0.3,1.0,1.0,P,2026-11-13,7803.91015625,2026-10-07T14:48-04:00
4000.0,0.2,0.35,4.0,5.0,P,2026-11-13,7803.91015625,2026-10-07T14:48-04:00
4200.0,0.25,0.4,85.0,134.0,P,2026-11-13,7803.91015625,2026-10-07T14:48-04:00
4400.0,0.35,0.5,112.0,380.0,P,2026-11-13,7803.91015625,2026-10-07T14:48-04:00
4600.0,0.5,0.65,1.0,614.0,P,2026-11-13,7803.91015625,2026-10-07T14:48-04:00
4800.0,0.65,0.8,399.0,456.0,P,2026-11-13,7803.91015625,2026-10-07T14:48-04:00
5000.0,0.85,1.0,3.0,2041.0,P,2026-11-13,7803.91015625,2026-10-07T14:48-04:00
5200.0,1.1,1.25,2.0,434.0,P,2026-11-13,7803.91015625,2026-10-07T14:48-04:00
5400.0,1.45,1.55,38.0,492.0,P,2026-11-13,7803.91015625,2026-10-07T14:48-04:00
5600.0,1.85,1.95,255.0,962.0,P,2026-11-13,7803.91015625,2026-10-07T14:48-04:00
5800.0,2.35,2.45,10.0,177.0,P,2026-11-13,7803.91015625,2026-10-07T14:48-04:00
5900.0,2.65,2.75,3.0,744.0,P,2026-11-13,7803.91015625,2026-10-07T14:48-04:00
6000.0,3.0,3.1,104.0,1977.0,P,2026-11-13,7803.91015625,2026-10-07T14:48-04:00
6100.0,3.4,3.5,1.0,243.0,P,2026-11-13,7803.91015625,2026-10-07T14:48-04:00
6150.0,3.6,3.7,3.0,208.0,P,2026-11-13,7803.91015625,2026-10-07T14:48-04:00
6200.0,3.8,4.0,11.0,5974.0,P,2026-11-13,7803.91015625,2026-10-07T14:48-04:00
6250.0,4.0,4.2,12.0,283.0,P,2026-11-13,7803.91015625,2026-10-07T14:48-04:00
6300.0,4.3,4.4,22.0,59665.0,P,2026-11-13,7803.91015625,2026-10-07T14:48-04:00
6350.0,4.6,4.8,3.0,2635.0,P,2026-11-13,7803.91015625,2026-10-07T14:48-04:00
6400.0,4.8,5.0,3069.0,62073.0,P,2026-11-13,7803.91015625,2026-10-07T14:48-04:00
6450.0,5.2,5.4,5.0,214.0,P,2026-11-13,7803.91015625,2026-10-07T14:48-04:00
6500.0,5.6,5.8,1.0,116.0,P,2026-11-13,7803.91015625,2026-10-07T14:48-04:00
6550.0,5.9,6.2,1.0,278.0,P,2026-11-13,7803.91015625,2026-10-07T14:48-04:00
6600.0,6.4,6.6,6.0,347.0,P,2026-11-13,7803.91015625,2026-10-07T14:48-04:00
6650.0,6.8,7.0,1.0,577.0,P,2026-11-13,7803.91015625,2026-10-07T14:48-04:00
6700.0,7.4,7.6,35.0,430.0,P,2026-11-13,7803.91015625,2026-10-07T14:48-04:00
6750.0,8.0,8.2,21.0,164.0,P,2026-11-13,7803.91015625,2026-10-07T14:48-04:00
6800.0,8.6,8.9,43.0,1131.0,P,2026-11-13,7803.91015625,2026-10-07T14:48-04:00
6850.0,9.3,9.6,3.0,120.0,P,2026-11-13,7803.91015625,2026-10-07T14:48-04:00
6900.0,10.2,10.4,33.0,131.0,P,2026-11-13,7803.91015625,2026-10-07T14:48-04:00
6950.0,11.2,11.5,3.0,391.0,P,2026-11-13,7803.91015625,2026-10-07T14:48-04:00
7000.0,12.4,12.6,5.0,1388.0,P,2026-11-13,7803.91015625,2026-10-07T14:48-04:00
7050.0,13.6,13.9,19.0,842.0,P,2026-11-13,7803.91015625,2026-10-07T14:48-04:00
7075.0,14.3,14.6,13.0,28.0,P,2026-11-13,7803.91015625,2026-10-07T14:48-04:00
7100.0,15.0,15.3,81.0,737.0,P,2026-11-13,7803.91015625,2026-10-07T14:48-04:00
7125.0,15.9,16.2,56.0,86.0,P,2026-11-13,7803.91015625,2026-10-07T14:48-04:00
7150.0,16.8,17.1,10.0,328.0,P,2026-11-13,7803.91015625,2026-10-07T14:48-04:00
7175.0,17.8,18.0,25.0,150.0,P,2026-11-13,7803.91015625,2026-10-07T14:48-04:00
7200.0,18.9,19.2,19.0,409.0,P,2026-11-13,7803.91015625,2026-10-07T14:48-04:00
7225.0,20.1,20.3,15.0,237.0,P,2026-11-13,7803.91015625,2026-10-07T14:48-04:00
7250.0,21.3,21.6,32.0,328.0,P,2026-11-13,7803.91015625,2026-10-07T14:48-04:00
7275.0,22.7,22.9,23.0,744.0,P,2026-11-13,7803.91015625,2026-10-07T14:48-04:00
7300.0,24.1,24.4,58.0,445.0,P,2026-11-13,7803.91015625,2026-10-07T14:48-04:00
7325.0,25.8,26.1,18.0,193.0,P,2026-11-13,7803.91015625,2026-10-07T14:48-04:00
7350.0,27.5,27.8,22.0,295.0,P,2026-11-13,7803.91015625,2026-10-07T14:48-04:00
7375.0,29.6,29.9,10.0,1087.0,P,2026-11-13,7803.91015625,2026-10-07T14:48-04:00
7400.0,31.8,32.0,29.0,255.0,P,2026-11-13,7803.91015625,2026-10-07T14:48-04:00
7425.0,34.1,34.4,30.0,113.0,P,2026-11-13,7803.91015625,2026-10-07T14:48-04:00
7450.0,36.5,36.7,44.0,203.0,P,2026-11-13,7803.91015625,2026-10-07T14:48-04:00
7475.0,39.2,39.5,167.0,208.0,P,2026-11-13,7803.91015625,2026-10-07T14:48-04:00
7500.0,42.4,42.7,332.0,515.0,P,2026-11-13,7803.91015625,2026-10-07T14:48-04:00
7520.0,45.1,45.5,4.0,35.0,P,2026-11-13,7803.91015625,2026-10-07T14:48-04:00
7525.0,45.8,46.2,147.0,207.0,P,2026-11-13,7803.91015625,2026-10-07T14:48-04:00
7530.0,46.5,46.9,1.0,32.0,P,2026-11-13,7803.91015625,2026-10-07T14:48-04:00
7540.0,47.8,48.2,4.0,27.0,P,2026-11-13,7803.91015625,2026-10-07T14:48-04:00
7550.0,49.3,49.6,13.0,257.0,P,2026-11-13,7803.91015625,2026-10-07T14:48-04:00
7560.0,51.0,51.4,1.0,81.0,P,2026-11-13,7803.91015625,2026-10-07T14:48-04:00
7570.0,52.6,53.0,1.0,15.0,P,2026-11-13,7803.91015625,2026-10-07T14:48-04:00
7575.0,53.5,53.8,6.0,89.0,P,2026-11-13,7803.91015625,2026-10-07T14:48-04:00
7580.0,54.3,54.7,11.0,40.0,P,2026-11-13,7803.91015625,2026-10-07T14:48-04:00
7590.0,56.1,56.5,1.0,36.0,P,2026-11-13,7803.91015625,2026-10-07T14:48-04:00
7600.0,57.9,58.3,36.0,163.0,P,2026-11-13,7803.91015625,2026-10-07T14:48-04:00
7610.0,59.8,60.2,1.0,13.0,P,2026-11-13,7803.91015625,2026-10-07T14:48-04:00
7620.0,61.7,62.2,1.0,37.0,P,2026-11-13,7803.91015625,2026-10-07T14:48-04:00
7625.0,62.8,63.1,6.0,25.0,P,2026-11-13,7803.91015625,2026-10-07T14:48-04:00
7630.0,63.8,64.2,9.0,42.0,P,2026-11-13,7803.91015625,2026-10-07T14:48-04:00
7640.0,65.9,66.3,3.0,61.0,P,2026-11-13,7803.91015625,2026-10-07T14:48-04:00
7650.0,68.1,68.4,220.0,147.0,P,2026-11-13,7803.91015625,2026-10-07T14:48-04:00
7660.0,70.3,70.8,201.0,66.0,P,2026-11-13,7803.91015625,2026-10-07T14:48-04:00
7670.0,72.1,72.9,9.0,58.0,P,2026-11-13,7803.91015625,2026-10-07T14:48-04:00
7675.0,73.8,74.2,14.0,162.0,P,2026-11-13,7803.91015625,2026-10-07T14:48-04:00
7680.0,75.0,75.5,68.0,110.0,P,2026-11-13,7803.91015625,2026-10-07T14:48-04:00
7690.0,77.6,78.1,6.0,38.0,P,2026-11-13,7803.91015625,2026-10-07T14:48-04:00
7700.0,80.3,80.7,8.0,181.0,P,2026-11-13,7803.91015625,2026-10-07T14:48-04:00
7710.0,82.4,83.3,15.0,147.0,P,2026-11-13,7803.91015625,2026-10-07T14:48-04:00
7720.0,85.8,86.3,17.0,49.0,P,2026-11-13,7803.91015625,2026-10-07T14:48-04:00
7725.0,87.4,87.7,14.0,106.0,P,2026-11-13,7803.91015625,2026-10-07T14:48-04:00
7730.0,88.6,89.1,12.0,16.0,P,2026-11-13,7803.91015625,2026-10-07T14:48-04:00
7740.0,91.9,92.3,21.0,139.0,P,2026-11-13,7803.91015625,2026-10-07T14:48-04:00
7750.0,95.0,95.4,50.0,107.0,P,2026-11-13,7803.91015625,2026-10-07T14:48-04:00
7760.0,97.6,98.5,3.0,19.0,P,2026-11-13,7803.91015625,2026-10-07T14:48-04:00
7770.0,101.4,101.9,10.0,24.0,P,2026-11-13,7803.91015625,2026-10-07T14:48-04:00
7775.0,103.2,103.6,65.0,34.0,P,2026-11-13,7803.91015625,2026-10-07T14:48-04:00
7780.0,105.1,105.5,3.0,12.0,P,2026-11-13,7803.91015625,2026-10-07T14:48-04:00
7790.0,108.7,109.2,11.0,18.0,P,2026-11-13,7803.91015625,2026-10-07T14:48-04:00
7800.0,112.5,112.9,50.0,281.0,P,2026-11-13,7803.91015625,2026-10-07T14:48-04:00
7810.0,116.4,116.8,5.0,1.0,P,2026-11-13,7803.91015625,2026-10-07T14:48-04:00
7825.0,122.5,122.9,8.0,29.0,P,2026-11-13,7803.91015625,2026-10-07T14:48-04:00
7830.0,124.6,125.1,3.0,6.0,P,2026-11-13,7803.91015625,2026-10-07T14:48-04:00
7850.0,133.4,133.9,7.0,29.0,P,2026-11-13,7803.91015625,2026-10-07T14:48-04:00
7900.0,157.9,158.3,1.0,9.0,P,2026-11-13,7803.91015625,2026-10-07T14:48-04:00
7925.0,171.6,172.1,8.0,10.0,P,2026-11-13,7803.91015625,2026-10-07T14:48-04:00
7950.0,186.3,186.8,1.0,6.0,P,2026-11-13,7803.91015625,2026-10-07T14:48-04:00
8000.0,216.4,220.7,1.0,6.0,P,2026-11-13,7803.91015625,2026-10-07T14:48-04:00
8100.0,286.1,302.8,1.0,1.0,P,2026-11-13,7803.91015625,2026-10-07T14:48-04:00
8250.0,415.4,433.8,1.0,1.0,P,2026-11-13,7803.91015625,2026-10-07T14:48-04:00
9600.0,1749.4,1769.9,2.0,0.0,P,2026-11-13,7803.91015625,2026-10-07T14:48-04:00
200.0,7577.1,7597.4,2.0,2376.0,C,2026-12-18,7803.91015625,2026-10-07T14:48-04:00
400.0,7381.0,7399.2,1.0,2935.0,C,2026-12-18,7803.91015625,2026-10-07T14:48-04:00
600.0,7181.6,7201.0,1.0,1182.0,C,2026-12-18,7803.91015625,2026-10-07T14:48-04:00
800.0,6982.2,7002.7,2.0,264.0,C,2026-12-18,7803.91015625,2026-10-07T14:48-04:00
1000.0,6785.6,6804.1,5.0,6102.0,C,2026-12-18,7803.91015625,2026-10-07T14:48-04:00
1200.0,6586.9,6606.3,4.0,58.0,C,2026-12-18,7803.91015625,2026-10-07T14:48-04:00
1400.0,6388.0,6408.1,12.0,60.0,C,2026-12-18,7803.91015625,2026-10-07T14:48-04:00
1600.0,6191.2,6211.7,2.0,222.0,C,2026-12-18,7803.91015625,2026-10-07T14:48-04:00
1800.0,0.0,0.0,8.0,0.0,C,2026-12-18,7803.91015625,2026-10-07T14:48-04:00
2000.0,5796.1,5813.1,1.0,2878.0,C,2026-12-18,7803.91015625,2026-10-07T14:48-04:00
2200.0,5594.8,5616.0,1.0,74.0,C,2026-12-18,7803.91015625,2026-10-07T14:48-04:00
2400.0,5397.1,5417.2,662.0,1992.0,C,2026-12-18,7803.91015625,2026-10-07T14:48-04:00
2500.0,5297.6,5318.1,2.0,15.0,C,2026-12-18,7803.91015625,2026-10-07T14:48-04:00
2600.0,5198.3,5219.6,2.0,426.0,C,2026-12-18,7803.91015625,2026-10-07T14:48-04:00
2700.0,5100.2,5119.9,8.0,9.0,C,2026-12-18,7803.91015625,2026-10-07T14:48-04:00
2800.0,5000.5,5020.8,2.0,100.0,C,2026-12-18,7803.91015625,2026-10-07T14:48-04:00
2900.0,0.0,0.0,2.0,0.0,C,2026-12-18,7803.91015625,2026-10-07T14:48-04:00
3000.0,4802.4,4822.7,8.0,1682.0,C,2026-12-18,7803.91015625,2026-10-07T14:48-04:00
3100.0,0.0,0.0,50.0,0.0,C,2026-12-18,7803.91015625,2026-10-07T14:48-04:00
3200.0,4604.8,4627.1,1.0,4.0,C,2026-12-18,7803.91015625,2026-10-07T14:48-04:00
3300.0,0.0,0.0,1.0,0.0,C,2026-12-18,7803.91015625,2026-10-07T14:48-04:00
3400.0,0.0,0.0,50.0,0.0,C,2026-12-18,7803.91015625,2026-10-07T14:48-04:00
3500.0,4307.1,4327.5,1.0,28.0,C,2026-12-18,7803.91015625,2026-10-07T14:48-04:00
3600.0,0.0,0.0,,0.0,C,2026-12-18,7803.91015625,2026-10-07T14:48-04:00
3700.0,3748.1,3761.4,5.0,272.0,C,2026-12-18,7803.91015625,2026-10-07T14:48-04:00
3800.0,3989.7,4007.7,2.0,0.0,C,2026-12-18,7803.91015625,2026-10-07T14:48-04:00
3850.0,0.0,0.0,2.0,0.0,C,2026-12-18,7803.91015625,2026-10-07T14:48-04:00
3900.0,3553.5,3577.5,10.0,465.0,C,2026-12-18,7803.91015625,2026-10-07T14:48-04:00
3950.0,3513.7,3519.6,8.0,65.0,C,2026-12-18,7803.91015625,2026-10-07T14:48-04:00
4000.0,3812.7,3834.7,11.0,12.0,C,2026-12-18,7803.91015625,2026-10-07T14:48-04:00
4050.0,3762.7,3783.0,2.0,15.0,C,2026-12-18,7803.91015625,2026-10-07T14:48-04:00
4100.0,3415.2,3426.6,12.0,0.0,C,2026-12-18,7803.91015625,2026-10-07T14:48-04:00
4150.0,3319.1,3324.8,6.0,258.0,C,2026-12-18,7803.91015625,2026-10-07T14:48-04:00
4175.0,2640.5,2680.0,,0.0,C,2026-12-18,7803.91015625,2026-10-07T14:48-04:00
4200.0,3614.4,3634.5,145.0,1716.0,C,2026-12-18,7803.91015625,2026-10-07T14:48-04:00
4225.0,2464.4,2482.1,1.0,0.0,C,2026-12-18,7803.91015625,2026-10-07T14:48-04:00
4250.0,2473.0,2545.6,,10.0,C,2026-12-18,7803.91015625,2026-10-07T14:48-04:00
4275.0,0.0,0.0,2.0,0.0,C,2026-12-18,7803.91015625,2026-10-07T14:48-04:00
4300.0,0.0,0.0,,0.0,C,2026-12-18,7803.91015625,2026-10-07T14:48-04:00
4325.0,3408.0,3432.0,2.0,2.0,C,2026-12-18,7803.91015625,2026-10-07T14:48-04:00
4350.0,0.0,0.0,1.0,0.0,C,2026-12-18,7803.91015625,2026-10-07T14:48-04:00
4375.0,1840.3,1883.1,,42.0,C,2026-12-18,7803.91015625,2026-10-07T14:48-04:00
4400.0,3416.4,3436.7,3.0,979.0,C,2026-12-18,7803.91015625,2026-10-07T14:48-04:00
4425.0,2411.4,2450.8,2.0,7.0,C,2026-12-18,7803.91015625,2026-10-07T14:48-04:00
4450.0,2388.8,2428.3,32.0,27.0,C,2026-12-18,7803.91015625,2026-10-07T14:48-04:00
4475.0,3342.2,3362.5,2.0,114.0,C,2026-12-18,7803.91015625,2026-10-07T14:48-04:00
4500.0,3323.8,3334.4,3.0,3310.0,C,2026-12-18,7803.91015625,2026-10-07T14:48-04:00
4525.0,2929.6,2944.6,1.0,0.0,C,2026-12-18,7803.91015625,2026-10-07T14:48-04:00
4550.0,2532.3,2539.6,1.0,16.0,C,2026-12-18,7803.91015625,2026-10-07T14:48-04:00
4575.0,1657.3,1686.1,,0.0,C,2026-12-18,7803.91015625,2026-10-07T14:48-04:00
4600.0,3218.6,3241.4,1.0,1.0,C,2026-12-18,7803.91015625,2026-10-07T14:48-04:00
4650.0,3169.0,3189.5,4.0,149.0,C,2026-12-18,7803.91015625,2026-10-07T14:48-04:00
4675.0,1594.0,1634.2,,48.0,C,2026-12-18,7803.91015625,2026-10-07T14:48-04:00
4700.0,3119.9,3140.0,3.0,2470.0,C,2026-12-18,7803.91015625,2026-10-07T14:48-04:00
4725.0,3095.0,3115.3,2.0,93.0,C,2026-12-18,7803.91015625,2026-10-07T14:48-04:00
4750.0,3070.1,3090.6,1.0,47.0,C,2026-12-18,7803.91015625,2026-10-07T14:48-04:00
4775.0,2711.2,2719.0,6.0,8.0,C,2026-12-18,7803.91015625,2026-10-07T14:48-04:00
4800.0,3020.9,3041.2,6.0,2231.0,C,2026-12-18,7803.91015625,2026-10-07T14:48-04:00
4850.0,2622.4,2634.3,1.0,0.0,C,2026-12-18,7803.91015625,2026-10-07T14:48-04:00
4875.0,1416.9,1443.7,,0.0,C,2026-12-18,7803.91015625,2026-10-07T14:48-04:00
4900.0,2742.2,2746.8,1.0,2588.0,C,2026-12-18,7803.91015625,2026-10-07T14:48-04:00
4925.0,2195.1,2206.5,,1.0,C,2026-12-18,7803.91015625,2026-10-07T14:48-04:00
4950.0,2872.5,2893.0,3.0,67.0,C,2026-12-18,7803.91015625,2026-10-07T14:48-04:00
4975.0,2847.9,2868.4,2.0,7.0,C,2026-12-18,7803.91015625,2026-10-07T14:48-04:00
5000.0,2823.3,2844.3,1.0,168.0,C,2026-12-18,7803.91015625,2026-10-07T14:48-04:00
5025.0,2798.7,2819.0,16.0,22.0,C,2026-12-18,7803.91015625,2026-10-07T14:48-04:00
5050.0,2774.4,2794.3,1.0,93.0,C,2026-12-18,7803.91015625,2026-10-07T14:48-04:00
5075.0,0.0,0.0,2.0,0.0,C,2026-12-18,7803.91015625,2026-10-07T14:48-04:00
5100.0,2731.9,2741.4,1.0,3270.0,C,2026-12-18,7803.91015625,2026-10-07T14:48-04:00
5125.0,2389.5,2399.8,2.0,333.0,C,2026-12-18,7803.91015625,2026-10-07T14:48-04:00
5150.0,2675.7,2695.6,2.0,190.0,C,2026-12-18,7803.91015625,2026-10-07T14:48-04:00
5175.0,1752.7,1792.8,1.0,31.0,C,2026-12-18,7803.91015625,2026-10-07T14:48-04:00
5200.0,2633.2,2642.5,9.0,3101.0,C,2026-12-18,7803.91015625,2026-10-07T14:48-04:00
5225.0,1693.9,1715.8,10.0,51.0,C,2026-12-18,7803.91015625,2026-10-07T14:48-04:00
5250.0,2560.3,2578.3,2.0,0.0,C,2026-12-18,7803.91015625,2026-10-07T14:48-04:00
5275.0,1754.7,1772.4,1.0,2.0,C,2026-12-18,7803.91015625,2026-10-07T14:48-04:00
5300.0,2527.4,2550.3,,1.0,C,2026-12-18,7803.91015625,2026-10-07T14:48-04:00
5325.0,1611.1,1632.4,1.0,2.0,C,2026-12-18,7803.91015625,2026-10-07T14:48-04:00
5350.0,2477.4,2498.9,14.0,1090.0,C,2026-12-18,7803.91015625,2026-10-07T14:48-04:00
5375.0,2453.2,2473.7,2.0,2.0,C,2026-12-18,7803.91015625,2026-10-07T14:48-04:00
5400.0,2421.7,2426.0,5.0,0.0,C,2026-12-18,7803.91015625,2026-10-07T14:48-04:00
5425.0,1750.1,1759.3,3.0,5.0,C,2026-12-18,7803.91015625,2026-10-07T14:48-04:00
5450.0,2389.5,2392.1,1.0,182.0,C,2026-12-18,7803.91015625,2026-10-07T14:48-04:00
5475.0,0.0,0.0,1.0,0.0,C,2026-12-18,7803.91015625,2026-10-07T14:48-04:00
5500.0,2339.7,2342.0,9.0,8141.0,C,2026-12-18,7803.91015625,2026-10-07T14:48-04:00
5525.0,1676.6,1683.2,1.0,0.0,C,2026-12-18,7803.91015625,2026-10-07T14:48-04:00
5550.0,2291.3,2293.5,1.0,592.0,C,2026-12-18,7803.91015625,2026-10-07T14:48-04:00
5575.0,2182.6,2206.6,4.0,592.0,C,2026-12-18,7803.91015625,2026-10-07T14:48-04:00
5600.0,2242.1,2244.3,4.0,4343.0,C,2026-12-18,7803.91015625,2026-10-07T14:48-04:00
5625.0,1288.4,1295.4,30.0,307.0,C,2026-12-18,7803.91015625,2026-10-07T14:48-04:00
5650.0,2192.5,2194.6,1.0,1416.0,C,2026-12-18,7803.91015625,2026-10-07T14:48-04:00
5675.0,1881.5,1886.9,2.0,34.0,C,2026-12-18,7803.91015625,2026-10-07T14:48-04:00
5700.0,2133.4,2156.1,,1.0,C,2026-12-18,7803.91015625,2026-10-07T14:48-04:00
5725.0,1342.4,1355.2,1.0,58.0,C,2026-12-18,7803.91015625,2026-10-07T14:48-04:00
5750.0,2094.1,2096.8,5.0,1430.0,C,2026-12-18,7803.91015625,2026-10-07T14:48-04:00
5775.0,1441.0,1447.8,3.0,224.0,C,2026-12-18,7803.91015625,2026-10-07T14:48-04:00
5800.0,2045.0,2047.6,2.0,6616.0,C,2026-12-18,7803.91015625,2026-10-07T14:48-04:00
5825.0,2020.6,2023.1,2.0,20.0,C,2026-12-18,7803.91015625,2026-10-07T14:48-04:00
5850.0,1996.0,1998.4,14.0,826.0,C,2026-12-18,7803.91015625,2026-10-07T14:48-04:00
5875.0,1956.0,1960.8,18.0,0.0,C,2026-12-18,7803.91015625,2026-10-07T14:48-04:00
5900.0,1946.8,1948.9,1.0,3621.0,C,2026-12-18,7803.91015625,2026-10-07T14:48-04:00
5925.0,1922.4,1924.9,1.0,72.0,C,2026-12-18,7803.91015625,2026-10-07T14:48-04:00
5950.0,1897.6,1900.3,3.0,700.0,C,2026-12-18,7803.91015625,2026-10-07T14:48-04:00
5975.0,1872.6,1875.2,1.0,117.0,C,2026-12-18,7803.91015625,2026-10-07T14:48-04:00
6000.0,1838.7,1860.3,12.0,29.0,C,2026-12-18,7803.91015625,2026-10-07T14:48-04:00
6025.0,1824.2,1826.9,78.0,560.0,C,2026-12-18,7803.91015625,2026-10-07T14:48-04:00
6050.0,1789.5,1810.0,1.0,1276.0,C,2026-12-18,7803.91015625,2026-10-07T14:48-04:00
6075.0,1635.0,1640.7,1.0,42.0,C,2026-12-18,7803.91015625,2026-10-07T14:48-04:00
6100.0,1750.3,1752.4,5.0,3777.0,C,2026-12-18,7803.91015625,2026-10-07T14:48-04:00
6125.0,1726.0,1728.9,1.0,19.0,C,2026-12-18,7803.91015625,2026-10-07T14:48-04:00
6150.0,1701.8,1703.9,1.0,638.0,C,2026-12-18,7803.91015625,2026-10-07T14:48-04:00
6175.0,1663.6,1668.3,1.0,0.0,C,2026-12-18,7803.91015625,2026-10-07T14:48-04:00
6200.0,1653.3,1655.3,1.0,8978.0,C,2026-12-18,7803.91015625,2026-10-07T14:48-04:00
6225.0,1628.7,1631.1,273.0,940.0,C,2026-12-18,7803.91015625,2026-10-07T14:48-04:00
6250.0,1594.3,1615.1,,1.0,C,2026-12-18,7803.91015625,2026-10-07T14:48-04:00
6275.0,1579.9,1582.3,1.0,49.0,C,2026-12-18,7803.91015625,2026-10-07T14:48-04:00
6300.0,1555.2,1557.8,1.0,4622.0,C,2026-12-18,7803.91015625,2026-10-07T14:48-04:00
6325.0,1457.2,1480.7,2.0,122.0,C,2026-12-18,7803.91015625,2026-10-07T14:48-04:00
6350.0,1507.0,1509.0,2.0,1003.0,C,2026-12-18,7803.91015625,2026-10-07T14:48-04:00
6375.0,1350.9,1353.7,2.0,53.0,C,2026-12-18,7803.91015625,2026-10-07T14:48-04:00
6400.0,1458.0,1460.4,6.0,5972.0,C,2026-12-18,7803.91015625,2026-10-07T14:48-04:00
6425.0,1205.2,1210.8,1.0,547.0,C,2026-12-18,7803.91015625,2026-10-07T14:48-04:00
6450.0,1409.6,1411.7,1.0,1182.0,C,2026-12-18,7803.91015625,2026-10-07T14:48-04:00
6475.0,1385.0,1387.7,1.0,535.0,C,2026-12-18,7803.91015625,2026-10-07T14:48-04:00
6500.0,1351.0,1372.4,3.0,18.0,C,2026-12-18,7803.91015625,2026-10-07T14:48-04:00
6520.0,1330.1,1334.5,,0.0,C,2026-12-18,7803.91015625,2026-10-07T14:48-04:00
6525.0,1325.3,1329.7,1.0,0.0,C,2026-12-18,7803.91015625,2026-10-07T14:48-04:00
6530.0,1321.6,1324.7,,0.0,C,2026-12-18,7803.91015625,2026-10-07T14:48-04:00
6550.0,1312.5,1314.8,20.0,1737.0,C,2026-12-18,7803.91015625,2026-10-07T14:48-04:00
6575.0,1288.2,1290.8,4.0,341.0,C,2026-12-18,7803.91015625,2026-10-07T14:48-04:00
6580.0,1283.7,1285.9,2.0,4.0,C,2026-12-18,7803.91015625,2026-10-07T14:48-04:00
6600.0,1264.0,1265.9,3.0,9973.0,C,2026-12-18,7803.91015625,2026-10-07T14:48-04:00
6610.0,1244.4,1247.9,1.0,0.0,C,2026-12-18,7803.91015625,2026-10-07T14:48-04:00
6620.0,1244.4,1247.3,,1.0,C,2026-12-18,7803.91015625,2026-10-07T14:48-04:00
6625.0,1240.2,1242.4,4.0,707.0,C,2026-12-18,7803.91015625,2026-10-07T14:48-04:00
6630.0,1234.2,1236.4,,1.0,C,2026-12-18,7803.91015625,2026-10-07T14:48-04:00
6640.0,1215.6,1219.2,,0.0,C,2026-12-18,7803.91015625,2026-10-07T14:48-04:00
6650.0,1215.7,1217.6,1.0,3906.0,C,2026-12-18,7803.91015625,2026-10-07T14:48-04:00
6675.0,1192.1,1194.3,1.0,2594.0,C,2026-12-18,7803.91015625,2026-10-07T14:48-04:00
6700.0,1158.1,1180.3,1.0,13.0,C,2026-12-18,7803.91015625,2026-10-07T14:48-04:00
6710.0,1157.3,1159.5,1.0,0.0,C,2026-12-18,7803.91015625,2026-10-07T14:48-04:00
6725.0,1134.1,1155.5,,6.0,C,2026-12-18,7803.91015625,2026-10-07T14:48-04:00
6730.0,1129.3,1150.8,,3.0,C,2026-12-18,7803.91015625,2026-10-07T14:48-04:00
6740.0,1119.8,1140.7,,8.0,C,2026-12-18,7803.91015625,2026-10-07T14:48-04:00
6750.0,1110.2,1131.7,1.0,2.0,C,2026-12-18,7803.91015625,2026-10-07T14:48-04:00
6760.0,1109.9,1112.1,,1.0,C,2026-12-18,7803.91015625,2026-10-07T14:48-04:00
6775.0,1096.4,1098.6,2.0,1576.0,C,2026-12-18,7803.91015625,2026-10-07T14:48-04:00
6790.0,1073.1,1076.5,1.0,0.0,C,2026-12-18,7803.91015625,2026-10-07T14:48-04:00
6800.0,1071.9,1073.8,2.0,22899.0,C,2026-12-18,7803.91015625,2026-10-07T14:48-04:00
6825.0,0.0,0.0,,0.0,C,2026-12-18,7803.91015625,2026-10-07T14:48-04:00
6830.0,1043.2,1045.8,,3.0,C,2026-12-18,7803.91015625,2026-10-07T14:48-04:00
6840.0,1033.7,1035.7,,100.0,C,2026-12-18,7803.91015625,2026-10-07T14:48-04:00
6850.0,1024.9,1026.7,4.0,21704.0,C,2026-12-18,7803.91015625,2026-10-07T14:48-04:00
6860.0,1005.4,1027.8,,1.0,C,2026-12-18,7803.91015625,2026-10-07T14:48-04:00
6875.0,1000.4,1003.0,1.0,6795.0,C,2026-12-18,7803.91015625,2026-10-07T14:48-04:00
6880.0,986.5,1007.3,,8.0,C,2026-12-18,7803.91015625,2026-10-07T14:48-04:00
6890.0,986.2,988.8,1.0,1.0,C,2026-12-18,7803.91015625,2026-10-07T14:48-04:00
6900.0,967.5,989.1,1.0,7.0,C,2026-12-18,7803.91015625,2026-10-07T14:48-04:00
6910.0,919.0,921.6,2.0,0.0,C,2026-12-18,7803.91015625,2026-10-07T14:48-04:00
6920.0,957.9,959.9,2.0,1.0,C,2026-12-18,7803.91015625,2026-10-07T14:48-04:00
6925.0,953.2,955.2,1.0,4334.0,C,2026-12-18,7803.91015625,2026-10-07T14:48-04:00
6940.0,932.4,935.5,2.0,0.0,C,2026-12-18,7803.91015625,2026-10-07T14:48-04:00
6950.0,920.4,941.8,1.0,102.0,C,2026-12-18,7803.91015625,2026-10-07T14:48-04:00
6960.0,913.8,917.0,1.0,0.0,C,2026-12-18,7803.91015625,2026-10-07T14:48-04:00
6970.0,0.0,0.0,,0.0,C,2026-12-18,7803.91015625,2026-10-07T14:48-04:00
6975.0,860.0,862.5,2.0,1040.0,C,2026-12-18,7803.91015625,2026-10-07T14:48-04:00
6980.0,901.4,903.4,1.0,1.0,C,2026-12-18,7803.91015625,2026-10-07T14:48-04:00
6990.0,892.0,894.0,2.0,3.0,C,2026-12-18,7803.91015625,2026-10-07T14:48-04:00
7000.0,881.1,887.3,2.0,199.0,C,2026-12-18,7803.91015625,2026-10-07T14:48-04:00
7010.0,872.4,878.0,1.0,17.0,C,2026-12-18,7803.91015625,2026-10-07T14:48-04:00
7020.0,864.0,866.4,2.0,2.0,C,2026-12-18,7803.91015625,2026-10-07T14:48-04:00
7025.0,859.3,861.7,1.0,1277.0,C,2026-12-18,7803.91015625,2026-10-07T14:48-04:00
7030.0,0.0,0.0,2.0,0.0,C,2026-12-18,7803.91015625,2026-10-07T14:48-04:00
7040.0,840.3,842.9,2.0,0.0,C,2026-12-18,7803.91015625,2026-10-07T14:48-04:00
7050.0,834.6,839.3,1.0,18.0,C,2026-12-18,7803.91015625,2026-10-07T14:48-04:00
7060.0,0.0,0.0,,0.0,C,2026-12-18,7803.91015625,2026-10-07T14:48-04:00
7070.0,812.3,815.4,2.0,0.0,C,2026-12-18,7803.91015625,2026-10-07T14:48-04:00
7075.0,807.8,810.8,133.0,0.0,C,2026-12-18,7803.91015625,2026-10-07T14:48-04:00
7080.0,0.0,0.0,,0.0,C,2026-12-18,7803.91015625,2026-10-07T14:48-04:00
7090.0,0.0,0.0,,0.0,C,2026-12-18,7803.91015625,2026-10-07T14:48-04:00
7100.0,789.4,790.9,1.0,15077.0,C,2026-12-18,7803.91015625,2026-10-07T14:48-04:00
7110.0,0.0,0.0,,0.0,C,2026-12-18,7803.91015625,2026-10-07T14:48-04:00
7120.0,768.0,769.9,1.0,0.0,C,2026-12-18,7803.91015625,2026-10-07T14:48-04:00
7125.0,765.3,771.3,4.0,65.0,C,2026-12-18,7803.91015625,2026-10-07T14:48-04:00
7130.0,721.9,724.4,2.0,7.0,C,2026-12-18,7803.91015625,2026-10-07T14:48-04:00
7140.0,752.9,755.2,,3.0,C,2026-12-18,7803.91015625,2026-10-07T14:48-04:00
7150.0,742.4,747.0,2.0,51.0,C,2026-12-18,7803.91015625,2026-10-07T14:48-04:00
7160.0,733.9,739.2,,1.0,C,2026-12-18,7803.91015625,2026-10-07T14:48-04:00
7170.0,725.5,727.8,,34.0,C,2026-12-18,7803.91015625,2026-10-07T14:48-04:00
7175.0,721.0,723.2,1.0,2719.0,C,2026-12-18,7803.91015625,2026-10-07T14:48-04:00
7180.0,716.4,718.2,1.0,2.0,C,2026-12-18,7803.91015625,2026-10-07T14:48-04:00
7190.0,707.0,708.8,2.0,4.0,C,2026-12-18,7803.91015625,2026-10-07T14:48-04:00
7200.0,697.6,702.8,2.0,102.0,C,2026-12-18,7803.91015625,2026-10-07T14:48-04:00
7210.0,689.2,691.0,1.0,8.0,C,2026-12-18,7803.91015625,2026-10-07T14:48-04:00
7220.0,678.0,679.8,1.0,0.0,C,2026-12-18,7803.91015625,2026-10-07T14:48-04:00
7225.0,639.5,642.0,1.0,3374.0,C,2026-12-18,7803.91015625,2026-10-07T14:48-04:00
7240.0,626.7,629.2,,1.0,C,2026-12-18,7803.91015625,2026-10-07T14:48-04:00
7250.0,652.8,654.3,8.0,6026.0,C,2026-12-18,7803.91015625,2026-10-07T14:48-04:00
7260.0,644.0,645.7,1.0,1.0,C,2026-12-18,7803.91015625,2026-10-07T14:48-04:00
7270.0,635.3,637.5,24.0,16.0,C,2026-12-18,7803.91015625,2026-10-07T14:48-04:00
7275.0,629.7,634.1,35.0,148.0,C,2026-12-18,7803.91015625,2026-10-07T14:48-04:00
7280.0,626.4,628.6,2.0,3.0,C,2026-12-18,7803.91015625,2026-10-07T14:48-04:00
7290.0,617.5,619.7,1.0,35.0,C,2026-12-18,7803.91015625,2026-10-07T14:48-04:00
7295.0,613.1,614.8,,1.0,C,2026-12-18,7803.91015625,2026-10-07T14:48-04:00
7300.0,607.6,611.9,35.0,41.0,C,2026-12-18,7803.91015625,2026-10-07T14:48-04:00
7305.0,604.2,605.9,10.0,11.0,C,2026-12-18,7803.91015625,2026-10-07T14:48-04:00
7310.0,598.7,603.1,,3.0,C,2026-12-18,7803.91015625,2026-10-07T14:48-04:00
7320.0,589.9,594.3,1.0,4.0,C,2026-12-18,7803.91015625,2026-10-07T14:48-04:00
7325.0,585.5,589.9,1.0,42.0,C,2026-12-18,7803.91015625,2026-10-07T14:48-04:00
7330.0,582.2,583.9,1.0,14.0,C,2026-12-18,7803.91015625,2026-10-07T14:48-04:00
7340.0,573.5,575.6,1.0,6.0,C,2026-12-18,7803.91015625,2026-10-07T14:48-04:00
7345.0,569.1,571.2,1.0,1.0,C,2026-12-18,7803.91015625,2026-10-07T14:48-04:00
7350.0,564.4,565.8,27.0,10459.0,C,2026-12-18,7803.91015625,2026-10-07T14:48-04:00
7360.0,555.6,557.2,1.0,19.0,C,2026-12-18,7803.91015625,2026-10-07T14:48-04:00
7370.0,547.1,549.1,100.0,118.0,C,2026-12-18,7803.91015625,2026-10-07T14:48-04:00
7375.0,543.0,544.7,4.0,943.0,C,2026-12-18,7803.91015625,2026-10-07T14:48-04:00
7380.0,538.8,540.9,1.0,43.0,C,2026-12-18,7803.91015625,2026-10-07T14:48-04:00
7390.0,530.2,532.2,1.0,9.0,C,2026-12-18,7803.91015625,2026-10-07T14:48-04:00
7400.0,522.2,523.6,1.0,21357.0,C,2026-12-18,7803.91015625,2026-10-07T14:48-04:00
7405.0,516.3,521.1,9.0,9.0,C,2026-12-18,7803.91015625,2026-10-07T14:48-04:00
7410.0,512.8,514.6,1.0,45.0,C,2026-12-18,7803.91015625,2026-10-07T14:48-04:00
7415.0,507.8,512.6,6.0,7.0,C,2026-12-18,7803.91015625,2026-10-07T14:48-04:00
7420.0,504.0,505.6,9.0,10.0,C,2026-12-18,7803.91015625,2026-10-07T14:48-04:00
7425.0,500.0,504.8,6.0,85.0,C,2026-12-18,7803.91015625,2026-10-07T14:48-04:00
7430.0,494.2,499.5,3.0,23.0,C,2026-12-18,7803.91015625,2026-10-07T14:48-04:00
7435.0,491.3,492.8,1.0,4.0,C,2026-12-18,7803.91015625,2026-10-07T14:48-04:00
7440.0,487.3,492.6,4.0,255.0,C,2026-12-18,7803.91015625,2026-10-07T14:48-04:00
7445.0,483.1,487.8,10.0,10.0,C,2026-12-18,7803.91015625,2026-10-07T14:48-04:00
7450.0,478.3,482.4,3.0,154.0,C,2026-12-18,7803.91015625,2026-10-07T14:48-04:00
7455.0,466.6,486.2,14.0,9.0,C,2026-12-18,7803.91015625,2026-10-07T14:48-04:00
7460.0,470.0,475.2,12.0,14.0,C,2026-12-18,7803.91015625,2026-10-07T14:48-04:00
7465.0,458.2,476.2,18.0,3.0,C,2026-12-18,7803.91015625,2026-10-07T14:48-04:00
7470.0,461.6,466.8,19.0,53.0,C,2026-12-18,7803.91015625,2026-10-07T14:48-04:00
7475.0,457.5,462.7,17.0,89.0,C,2026-12-18,7803.91015625,2026-10-07T14:48-04:00
7480.0,453.4,458.5,9.0,8.0,C,2026-12-18,7803.91015625,2026-10-07T14:48-04:00
7485.0,448.8,453.5,3.0,0.0,C,2026-12-18,7803.91015625,2026-10-07T14:48-04:00
7490.0,445.1,449.1,27.0,45.0,C,2026-12-18,7803.91015625,2026-10-07T14:48-04:00
7495.0,440.6,445.3,3.0,4.0,C,2026-12-18,7803.91015625,2026-10-07T14:48-04:00
7500.0,436.9,442.1,1.0,138.0,C,2026-12-18,7803.91015625,2026-10-07T14:48-04:00
7505.0,433.1,434.6,2.0,17.0,C,2026-12-18,7803.91015625,2026-10-07T14:48-04:00
7510.0,428.8,433.9,15.0,14.0,C,2026-12-18,7803.91015625,2026-10-07T14:48-04:00
7515.0,427.1,428.0,6.0,8.0,C,2026-12-18,7803.91015625,2026-10-07T14:48-04:00
7520.0,422.4,423.2,1.0,55.0,C,2026-12-18,7803.91015625,2026-10-07T14:48-04:00
7525.0,418.1,418.9,5.0,2065.0,C,2026-12-18,7803.91015625,2026-10-07T14:48-04:00
7530.0,414.3,415.0,12.0,60.0,C,2026-12-18,7803.91015625,2026-10-07T14:48-04:00
7535.0,411.0,411.8,1.0,18.0,C,2026-12-18,7803.91015625,2026-10-07T14:48-04:00
7540.0,404.6,409.7,9.0,27.0,C,2026-12-18,7803.91015625,2026-10-07T14:48-04:00
7545.0,401.2,405.7,3.0,7.0,C,2026-12-18,7803.91015625,2026-10-07T14:48-04:00
7550.0,396.2,400.7,6.0,177.0,C,2026-12-18,7803.91015625,2026-10-07T14:48-04:00
7555.0,392.6,397.7,5.0,14.0,C,2026-12-18,7803.91015625,2026-10-07T14:48-04:00
7560.0,390.1,390.9,50.0,499.0,C,2026-12-18,7803.91015625,2026-10-07T14:48-04:00
7565.0,385.3,390.2,3.0,4.0,C,2026-12-18,7803.91015625,2026-10-07T14:48-04:00
7570.0,382.2,383.0,2.0,176.0,C,2026-12-18,7803.91015625,2026-10-07T14:48-04:00
7575.0,376.9,381.8,3.0,165.0,C,2026-12-18,7803.91015625,2026-10-07T14:48-04:00
7580.0,373.5,378.4,3.0,46.0,C,2026-12-18,7803.91015625,2026-10-07T14:48-04:00
7585.0,369.7,374.0,6.0,19.0,C,2026-12-18,7803.91015625,2026-10-07T14:48-04:00
7590.0,364.8,369.2,13.0,8.0,C,2026-12-18,7803.91015625,2026-10-07T14:48-04:00
7595.0,362.7,363.5,17.0,252.0,C,2026-12-18,7803.91015625,2026-10-07T14:48-04:00
7600.0,358.8,359.6,2.0,32856.0,C,2026-12-18,7803.91015625,2026-10-07T14:48-04:00
7605.0,355.0,355.7,5.0,115.0,C,2026-12-18,7803.91015625,2026-10-07T14:48-04:00
7610.0,351.2,352.0,1.0,787.0,C,2026-12-18,7803.91015625,2026-10-07T14:48-04:00
7615.0,347.3,348.0,2.0,112.0,C,2026-12-18,7803.91015625,2026-10-07T14:48-04:00
7620.0,344.7,345.2,9.0,44.0,C,2026-12-18,7803.91015625,2026-10-07T14:48-04:00
7625.0,340.1,340.8,6.0,4079.0,C,2026-12-18,7803.91015625,2026-10-07T14:48-04:00
7630.0,337.3,345.3,5.0,33.0,C,2026-12-18,7803.91015625,2026-10-07T14:48-04:00
7635.0,332.5,333.3,2.0,1298.0,C,2026-12-18,7803.91015625,2026-10-07T14:48-04:00
7640.0,328.5,329.2,3.0,161.0,C,2026-12-18,7803.91015625,2026-10-07T14:48-04:00
7645.0,324.7,325.5,11.0,430.0,C,2026-12-18,7803.91015625,2026-10-07T14:48-04:00
7650.0,321.8,322.5,17.0,30123.0,C,2026-12-18,7803.91015625,2026-10-07T14:48-04:00
7655.0,317.6,318.4,6.0,3075.0,C,2026-12-18,7803.91015625,2026-10-07T14:48-04:00
7660.0,313.6,314.3,18.0,2205.0,C,2026-12-18,7803.91015625,2026-10-07T14:48-04:00
7665.0,310.7,311.5,9.0,2104.0,C,2026-12-18,7803.91015625,2026-10-07T14:48-04:00
7670.0,307.6,308.0,3.0,9.0,C,2026-12-18,7803.91015625,2026-10-07T14:48-04:00
7675.0,302.6,303.4,1151.0,9466.0,C,2026-12-18,7803.91015625,2026-10-07T14:48-04:00
7680.0,300.0,300.5,1.0,77.0,C,2026-12-18,7803.91015625,2026-10-07T14:48-04:00
7685.0,295.4,296.2,2.0,3833.0,C,2026-12-18,7803.91015625,2026-10-07T14:48-04:00
7690.0,292.9,293.4,5.0,27.0,C,2026-12-18,7803.91015625,2026-10-07T14:48-04:00
7695.0,289.3,289.8,2.0,5.0,C,2026-12-18,7803.91015625,2026-10-07T14:48-04:00
7700.0,285.9,286.4,2.0,1025.0,C,2026-12-18,7803.91015625,2026-10-07T14:48-04:00
7705.0,282.3,282.8,1.0,24.0,C,2026-12-18,7803.91015625,2026-10-07T14:48-04:00
7710.0,279.1,279.5,1.0,72.0,C,2026-12-18,7803.91015625,2026-10-07T14:48-04:00
7715.0,275.6,276.0,2.0,3.0,C,2026-12-18,7803.91015625,2026-10-07T14:48-04:00
7720.0,271.8,272.2,8.0,1231.0,C,2026-12-18,7803.91015625,2026-10-07T14:48-04:00
7725.0,267.3,268.0,1.0,4108.0,C,2026-12-18,7803.91015625,2026-10-07T14:48-04:00
7730.0,263.8,264.5,13.0,5615.0,C,2026-12-18,7803.91015625,2026-10-07T14:48-04:00
7735.0,261.1,261.9,4.0,2971.0,C,2026-12-18,7803.91015625,2026-10-07T14:48-04:00
7740.0,258.1,258.6,1.0,81.0,C,2026-12-18,7803.91015625,2026-10-07T14:48-04:00
7745.0,254.7,255.2,2.0,22.0,C,2026-12-18,7803.91015625,2026-10-07T14:48-04:00
7750.0,251.3,251.8,1.0,691.0,C,2026-12-18,7803.91015625,2026-10-07T14:48-04:00
7755.0,248.3,248.8,7.0,17.0,C,2026-12-18,7803.91015625,2026-10-07T14:48-04:00
7760.0,245.0,247.3,2.0,24.0,C,2026-12-18,7803.91015625,2026-10-07T14:48-04:00
7765.0,241.4,242.0,2.0,176.0,C,2026-12-18,7803.91015625,2026-10-07T14:48-04:00
7770.0,237.2,237.9,7.0,5129.0,C,2026-12-18,7803.91015625,2026-10-07T14:48-04:00
7775.0,234.9,235.4,236.0,165.0,C,2026-12-18,7803.91015625,2026-10-07T14:48-04:00
7780.0,231.8,232.2,4.0,15.0,C,2026-12-18,7803.91015625,2026-10-07T14:48-04:00
7785.0,228.0,228.8,295.0,3460.0,C,2026-12-18,7803.91015625,2026-10-07T14:48-04:00
7790.0,225.2,225.7,2.0,18.0,C,2026-12-18,7803.91015625,2026-10-07T14:48-04:00
7795.0,221.3,221.9,123.0,5539.0,C,2026-12-18,7803.91015625,2026-10-07T14:48-04:00
7800.0,218.5,219.3,1899.0,42041.0,C,2026-12-18,7803.91015625,2026-10-07T14:48-04:00
7805.0,214.8,215.5,20.0,3041.0,C,2026-12-18,7803.91015625,2026-10-07T14:48-04:00
7810.0,211.6,212.4,3.0,3173.0,C,2026-12-18,7803.91015625,2026-10-07T14:48-04:00
7815.0,210.0,211.0,5.0,21.0,C,2026-12-18,7803.91015625,2026-10-07T14:48-04:00
7820.0,206.2,207.0,1517.0,2557.0,C,2026-12-18,7803.91015625,2026-10-07T14:48-04:00
7825.0,203.6,204.0,14.0,1286.0,C,2026-12-18,7803.91015625,2026-10-07T14:48-04:00
7830.0,199.5,200.2,1592.0,6077.0,C,2026-12-18,7803.91015625,2026-10-07T14:48-04:00
7835.0,197.6,198.1,6.0,26.0,C,2026-12-18,7803.91015625,2026-10-07T14:48-04:00
7840.0,193.5,194.3,1417.0,5434.0,C,2026-12-18,7803.91015625,2026-10-07T14:48-04:00
7845.0,190.7,191.4,1346.0,3687.0,C,2026-12-18,7803.91015625,2026-10-07T14:48-04:00
7850.0,189.0,189.4,1.0,324.0,C,2026-12-18,7803.91015625,2026-10-07T14:48-04:00
7855.0,185.1,185.6,1397.0,81.0,C,2026-12-18,7803.91015625,2026-10-07T14:48-04:00
7860.0,183.1,183.6,1.0,30.0,C,2026-12-18,7803.91015625,2026-10-07T14:48-04:00
7865.0,179.1,179.9,4.0,1208.0,C,2026-12-18,7803.91015625,2026-10-07T14:48-04:00
7870.0,177.5,177.9,2.0,58.0,C,2026-12-18,7803.91015625,2026-10-07T14:48-04:00
7875.0,174.2,174.9,6291.0,5514.0,C,2026-12-18,7803.91015625,2026-10-07T14:48-04:00
7880.0,171.4,172.2,67.0,4648.0,C,2026-12-18,7803.91015625,2026-10-07T14:48-04:00
7885.0,168.1,168.8,3126.0,2036.0,C,2026-12-18,7803.91015625,2026-10-07T14:48-04:00
7890.0,165.4,166.1,12.0,1534.0,C,2026-12-18,7803.91015625,2026-10-07T14:48-04:00
7895.0,162.7,163.5,22.0,1510.0,C,2026-12-18,7803.91015625,2026-10-07T14:48-04:00
7900.0,161.5,161.9,16.0,215.0,C,2026-12-18,7803.91015625,2026-10-07T14:48-04:00
7905.0,158.5,159.0,8.0,18.0,C,2026-12-18,7803.91015625,2026-10-07T14:48-04:00
7910.0,156.3,157.0,4.0,34.0,C,2026-12-18,7803.91015625,2026-10-07T14:48-04:00
7915.0,153.6,154.1,9.0,34.0,C,2026-12-18,7803.91015625,2026-10-07T14:48-04:00
7920.0,149.9,150.5,2.0,164.0,C,2026-12-18,7803.91015625,2026-10-07T14:48-04:00
7925.0,147.3,148.0,101.0,1598.0,C,2026-12-18,7803.91015625,2026-10-07T14:48-04:00
7930.0,145.8,146.3,1.0,57.0,C,2026-12-18,7803.91015625,2026-10-07T14:48-04:00
7935.0,142.3,143.0,83.0,105.0,C,2026-12-18,7803.91015625,2026-10-07T14:48-04:00
7940.0,141.2,141.6,3.0,41.0,C,2026-12-18,7803.91015625,2026-10-07T14:48-04:00
7945.0,138.7,139.1,15.0,4.0,C,2026-12-18,7803.91015625,2026-10-07T14:48-04:00
7950.0,135.1,135.8,185.0,6158.0,C,2026-12-18,7803.91015625,2026-10-07T14:48-04:00
7955.0,133.2,133.9,50.0,51.0,C,2026-12-18,7803.91015625,2026-10-07T14:48-04:00
7960.0,130.8,131.6,14.0,136.0,C,2026-12-18,7803.91015625,2026-10-07T14:48-04:00
7965.0,129.1,129.6,20.0,64.0,C,2026-12-18,7803.91015625,2026-10-07T14:48-04:00
7970.0,125.8,126.5,1.0,141.0,C,2026-12-18,7803.91015625,2026-10-07T14:48-04:00
7975.0,124.8,125.2,13.0,216.0,C,2026-12-18,7803.91015625,2026-10-07T14:48-04:00
7980.0,121.4,122.1,1.0,132.0,C,2026-12-18,7803.91015625,2026-10-07T14:48-04:00
7985.0,120.2,120.7,1.0,104.0,C,2026-12-18,7803.91015625,2026-10-07T14:48-04:00
7990.0,117.0,117.6,1.0,348.0,C,2026-12-18,7803.91015625,2026-10-07T14:48-04:00
7995.0,115.2,115.9,5.0,81.0,C,2026-12-18,7803.91015625,2026-10-07T14:48-04:00
8000.0,113.1,113.8,13780.0,315319.0,C,2026-12-18,7803.91015625,2026-10-07T14:48-04:00
8010.0,109.5,109.9,33.0,40.0,C,2026-12-18,7803.91015625,2026-10-07T14:48-04:00
8020.0,105.7,106.4,2.0,27.0,C,2026-12-18,7803.91015625,2026-10-07T14:48-04:00
8025.0,102.9,103.6,5.0,1473.0,C,2026-12-18,7803.91015625,2026-10-07T14:48-04:00
8030.0,101.5,101.9,2.0,56.0,C,2026-12-18,7803.91015625,2026-10-07T14:48-04:00
8040.0,97.8,98.2,2.0,113.0,C,2026-12-18,7803.91015625,2026-10-07T14:48-04:00
8050.0,93.9,94.3,20.0,1006.0,C,2026-12-18,7803.91015625,2026-10-07T14:48-04:00
8060.0,89.7,90.4,2.0,128.0,C,2026-12-18,7803.91015625,2026-10-07T14:48-04:00
8070.0,86.0,86.6,1.0,90.0,C,2026-12-18,7803.91015625,2026-10-07T14:48-04:00
8075.0,84.2,84.8,2.0,2287.0,C,2026-12-18,7803.91015625,2026-10-07T14:48-04:00
8080.0,82.4,83.1,10.0,33.0,C,2026-12-18,7803.91015625,2026-10-07T14:48-04:00
8090.0,79.1,79.7,2.0,866.0,C,2026-12-18,7803.91015625,2026-10-07T14:48-04:00
8100.0,76.9,77.2,23.0,482.0,C,2026-12-18,7803.91015625,2026-10-07T14:48-04:00
8110.0,73.7,74.1,12.0,39.0,C,2026-12-18,7803.91015625,2026-10-07T14:48-04:00
8120.0,70.6,71.0,51.0,150.0,C,2026-12-18,7803.91015625,2026-10-07T14:48-04:00
8125.0,69.3,69.9,5.0,35.0,C,2026-12-18,7803.91015625,2026-10-07T14:48-04:00
8130.0,66.8,67.4,30.0,628.0,C,2026-12-18,7803.91015625,2026-10-07T14:48-04:00
8140.0,64.2,64.9,70.0,144.0,C,2026-12-18,7803.91015625,2026-10-07T14:48-04:00
8150.0,61.3,61.8,494.0,11308.0,C,2026-12-18,7803.91015625,2026-10-07T14:48-04:00
8160.0,59.6,60.1,31.0,103.0,C,2026-12-18,7803.91015625,2026-10-07T14:48-04:00
8170.0,56.8,57.3,15.0,81.0,C,2026-12-18,7803.91015625,2026-10-07T14:48-04:00
8175.0,55.6,56.0,11.0,89.0,C,2026-12-18,7803.91015625,2026-10-07T14:48-04:00
8180.0,54.5,54.8,14.0,133.0,C,2026-12-18,7803.91015625,2026-10-07T14:48-04:00
8190.0,52.0,52.3,14.0,337.0,C,2026-12-18,7803.91015625,2026-10-07T14:48-04:00
8200.0,49.7,50.0,20.0,1123.0,C,2026-12-18,7803.91015625,2026-10-07T14:48-04:00
8210.0,47.6,47.9,4.0,49.0,C,2026-12-18,7803.91015625,2026-10-07T14:48-04:00
8220.0,44.6,45.1,20.0,26.0,C,2026-12-18,7803.91015625,2026-10-07T14:48-04:00
8225.0,43.6,44.2,3.0,1117.0,C,2026-12-18,7803.91015625,2026-10-07T14:48-04:00
8230.0,42.6,43.2,1.0,61.0,C,2026-12-18,7803.91015625,2026-10-07T14:48-04:00
8240.0,40.7,41.3,1.0,11.0,C,2026-12-18,7803.91015625,2026-10-07T14:48-04:00
8250.0,38.9,39.4,11.0,12164.0,C,2026-12-18,7803.91015625,2026-10-07T14:48-04:00
8260.0,37.0,37.6,20.0,163.0,C,2026-12-18,7803.91015625,2026-10-07T14:48-04:00
8270.0,35.3,35.8,6.0,11.0,C,2026-12-18,7803.91015625,2026-10-07T14:48-04:00
8275.0,34.4,35.0,115.0,2846.0,C,2026-12-18,7803.91015625,2026-10-07T14:48-04:00
8280.0,33.6,34.1,1.0,34.0,C,2026-12-18,7803.91015625,2026-10-07T14:48-04:00
8290.0,31.8,32.3,2.0,35.0,C,2026-12-18,7803.91015625,2026-10-07T14:48-04:00
8300.0,30.3,30.8,438.0,17360.0,C,2026-12-18,7803.91015625,2026-10-07T14:48-04:00
8310.0,28.9,29.4,18.0,40.0,C,2026-12-18,7803.91015625,2026-10-07T14:48-04:00
8320.0,27.5,28.0,1.0,66.0,C,2026-12-18,7803.91015625,2026-10-07T14:48-04:00
8325.0,26.8,27.3,1.0,2329.0,C,2026-12-18,7803.91015625,2026-10-07T14:48-04:00
8330.0,26.0,26.5,2.0,22.0,C,2026-12-18,7803.91015625,2026-10-07T14:48-04:00
8340.0,24.6,25.1,1.0,95.0,C,2026-12-18,7803.91015625,2026-10-07T14:48-04:00
8350.0,23.6,24.0,402.0,6289.0,C,2026-12-18,7803.91015625,2026-10-07T14:48-04:00
8360.0,22.3,22.7,4.0,19.0,C,2026-12-18,7803.91015625,2026-10-07T14:48-04:00
8370.0,21.3,21.7,126.0,21.0,C,2026-12-18,7803.91015625,2026-10-07T14:48-04:00
8375.0,20.5,21.0,260.0,795.0,C,2026-12-18,7803.91015625,2026-10-07T14:48-04:00
8380.0,20.1,20.5,1.0,26.0,C,2026-12-18,7803.91015625,2026-10-07T14:48-04:00
8390.0,19.0,19.4,90.0,178.0,C,2026-12-18,7803.91015625,2026-10-07T14:48-04:00
8400.0,18.2,18.6,352.0,20722.0,C,2026-12-18,7803.91015625,2026-10-07T14:48-04:00
8425.0,15.9,16.4,5.0,810.0,C,2026-12-18,7803.91015625,2026-10-07T14:48-04:00
8450.0,14.3,14.7,31.0,808.0,C,2026-12-18,7803.91015625,2026-10-07T14:48-04:00
8475.0,12.2,12.6,35.0,972.0,C,2026-12-18,7803.91015625,2026-10-07T14:48-04:00
8500.0,10.6,11.0,202.0,20681.0,C,2026-12-18,7803.91015625,2026-10-07T14:48-04:00
8525.0,9.4,9.8,55.0,484.0,C,2026-12-18,7803.91015625,2026-10-07T14:48-04:00
8550.0,8.2,8.5,1110.0,10021.0,C,2026-12-18,7803.91015625,2026-10-07T14:48-04:00
8575.0,7.3,7.6,53.0,837.0,C,2026-12-18,7803.91015625,2026-10-07T14:48-04:00
8600.0,6.6,6.8,8.0,579.0,C,2026-12-18,7803.91015625,2026-10-07T14:48-04:00
8625.0,5.6,5.9,227.0,273.0,C,2026-12-18,7803.91015625,2026-10-07T14:48-04:00
8650.0,5.1,5.4,16.0,417.0,C,2026-12-18,7803.91015625,2026-10-07T14:48-04:00
8675.0,4.4,4.7,20.0,0.0,C,2026-12-18,7803.91015625,2026-10-07T14:48-04:00
8700.0,4.0,4.2,92.0,17318.0,C,2026-12-18,7803.91015625,2026-10-07T14:48-04:00
8725.0,3.5,3.7,141.0,176.0,C,2026-12-18,7803.91015625,2026-10-07T14:48-04:00
8750.0,3.2,3.5,1.0,71.0,C,2026-12-18,7803.91015625,2026-10-07T14:48-04:00
8775.0,2.9,3.1,276.0,406.0,C,2026-12-18,7803.91015625,2026-10-07T14:48-04:00
8800.0,2.6,2.75,18.0,31360.0,C,2026-12-18,7803.91015625,2026-10-07T14:48-04:00
8850.0,2.1,2.3,5.0,113.0,C,2026-12-18,7803.91015625,2026-10-07T14:48-04:00
8900.0,1.7,1.9,6.0,7248.0,C,2026-12-18,7803.91015625,2026-10-07T14:48-04:00
9000.0,1.25,1.4,1.0,298.0,C,2026-12-18,7803.91015625,2026-10-07T14:48-04:00
9100.0,0.9,1.05,8.0,184.0,C,2026-12-18,7803.91015625,2026-10-07T14:48-04:00
9200.0,0.65,0.8,20.0,22712.0,C,2026-12-18,7803.91015625,2026-10-07T14:48-04:00
9300.0,0.5,0.65,20.0,85.0,C,2026-12-18,7803.91015625,2026-10-07T14:48-04:00
9400.0,0.35,0.5,2.0,136.0,C,2026-12-18,7803.91015625,2026-10-07T14:48-04:00
9500.0,0.25,0.45,3000.0,4086.0,C,2026-12-18,7803.91015625,2026-10-07T14:48-04:00
9600.0,0.2,0.35,1.0,22.0,C,2026-12-18,7803.91015625,2026-10-07T14:48-04:00
9800.0,0.15,0.3,2.0,21.0,C,2026-12-18,7803.91015625,2026-10-07T14:48-04:00
10000.0,0.1,0.25,3.0,42444.0,C,2026-12-18,7803.91015625,2026-10-07T14:48-04:00
10200.0,0.05,0.2,24.0,682.0,C,2026-12-18,7803.91015625,2026-10-07T14:48-04:00
10400.0,0.05,0.15,2.0,42.0,C,2026-12-18,7803.91015625,2026-10-07T14:48-04:00
10600.0,0.0,0.15,8.0,749.0,C,2026-12-18,7803.91015625,2026-10-07T14:48-04:00
10800.0,0.0,0.15,17.0,608.0,C,2026-12-18,7803.91015625,2026-10-07T14:48-04:00
11000.0,0.0,0.1,120.0,1313.0,C,2026-12-18,7803.91015625,2026-10-07T14:48-04:00
11200.0,0.0,0.1,100.0,794.0,C,2026-12-18,7803.91015625,2026-10-07T14:48-04:00
11400.0,0.0,0.1,6.0,775.0,C,2026-12-18,7803.91015625,2026-10-07T14:48-04:00
12000.0,0.0,0.05,2.0,18061.0,C,2026-12-18,7803.91015625,2026-10-07T14:48-04:00
12800.0,0.0,0.1,8.0,14.0,C,2026-12-18,7803.91015625,2026-10-07T14:48-04:00
13000.0,0.0,0.1,1.0,51.0,C,2026-12-18,7803.91015625,2026-10-07T14:48-04:00
13400.0,0.0,0.1,118.0,144.0,C,2026-12-18,7803.91015625,2026-10-07T14:48-04:00
200.0,0.0,0.05,50.0,16804.0,P,2026-12-18,7803.91015625,2026-10-07T14:48-04:00
400.0,0.0,0.0,3.0,4256.0,P,2026-12-18,7803.91015625,2026-10-07T14:48-04:00
600.0,0.0,0.05,1.0,30183.0,P,2026-12-18,7803.91015625,2026-10-07T14:48-04:00
800.0,0.0,0.05,14.0,25327.0,P,2026-12-18,7803.91015625,2026-10-07T14:48-04:00
1000.0,0.0,0.05,3.0,27182.0,P,2026-12-18,7803.91015625,2026-10-07T14:48-04:00
1200.0,0.0,0.1,5.0,16746.0,P,2026-12-18,7803.91015625,2026-10-07T14:48-04:00
1400.0,0.0,0.15,510.0,11380.0,P,2026-12-18,7803.91015625,2026-10-07T14:48-04:00
1600.0,0.05,0.1,41.0,12809.0,P,2026-12-18,7803.91015625,2026-10-07T14:48-04:00
1800.0,0.05,0.2,1.0,8726.0,P,2026-12-18,7803.91015625,2026-10-07T14:48-04:00
2000.0,0.1,0.2,10.0,31670.0,P,2026-12-18,7803.91015625,2026-10-07T14:48-04:00
2200.0,0.1,0.25,100.0,31733.0,P,2026-12-18,7803.91015625,2026-10-07T14:48-04:00
2400.0,0.15,0.3,502.0,9846.0,P,2026-12-18,7803.91015625,2026-10-07T14:48-04:00
2500.0,0.15,0.3,2.0,39139.0,P,2026-12-18,7803.91015625,2026-10-07T14:48-04:00
2600.0,0.2,0.35,2.0,9726.0,P,2026-12-18,7803.91015625,2026-10-07T14:48-04:00
2700.0,0.2,0.4,8.0,43947.0,P,2026-12-18,7803.91015625,2026-10-07T14:48-04:00
2800.0,0.25,0.45,50.0,24026.0,P,2026-12-18,7803.91015625,2026-10-07T14:48-04:00
2900.0,0.3,0.5,9.0,11456.0,P,2026-12-18,7803.91015625,2026-10-07T14:48-04:00
3000.0,0.35,0.5,2.0,12001.0,P,2026-12-18,7803.91015625,2026-10-07T14:48-04:00
3100.0,0.4,0.6,12.0,2971.0,P,2026-12-18,7803.91015625,2026-10-07T14:48-04:00
3200.0,0.5,0.6,15.0,3266.0,P,2026-12-18,7803.91015625,2026-10-07T14:48-04:00
3300.0,0.5,0.7,80.0,22148.0,P,2026-12-18,7803.91015625,2026-10-07T14:48-04:00
3400.0,0.6,0.75,4.0,24.0,P,2026-12-18,7803.91015625,2026-10-07T14:48-04:00
3500.0,0.65,0.85,50.0,40819.0,P,2026-12-18,7803.91015625,2026-10-07T14:48-04:00
3600.0,0.8,0.9,1.0,73.0,P,2026-12-18,7803.91015625,2026-10-07T14:48-04:00
3700.0,0.85,1.05,2.0,6614.0,P,2026-12-18,7803.91015625,2026-10-07T14:48-04:00
3800.0,1.0,1.1,4.0,142.0,P,2026-12-18,7803.91015625,2026-10-07T14:48-04:00
3850.0,1.0,1.2,2.0,2008.0,P,2026-12-18,7803.91015625,2026-10-07T14:48-04:00
3900.0,1.1,1.25,30.0,58.0,P,2026-12-18,7803.91015625,2026-10-07T14:48-04:00
3950.0,1.1,1.3,5.0,799.0,P,2026-12-18,7803.91015625,2026-10-07T14:48-04:00
4000.0,1.2,1.4,48.0,83371.0,P,2026-12-18,7803.91015625,2026-10-07T14:48-04:00
4050.0,1.25,1.45,20.0,3114.0,P,2026-12-18,7803.91015625,2026-10-07T14:48-04:00
4100.0,1.35,1.55,300.0,4786.0,P,2026-12-18,7803.91015625,2026-10-07T14:48-04:00
4125.0,1.35,1.55,5.0,1429.0,P,2026-12-18,7803.91015625,2026-10-07T14:48-04:00
4150.0,1.4,1.6,51.0,2280.0,P,2026-12-18,7803.91015625,2026-10-07T14:48-04:00
4175.0,1.45,1.65,3.0,471.0,P,2026-12-18,7803.91015625,2026-10-07T14:48-04:00
4200.0,1.55,1.7,16.0,1420.0,P,2026-12-18,7803.91015625,2026-10-07T14:48-04:00
4225.0,1.55,1.75,3.0,727.0,P,2026-12-18,7803.91015625,2026-10-07T14:48-04:00
4250.0,1.6,1.8,10.0,1261.0,P,2026-12-18,7803.91015625,2026-10-07T14:48-04:00
4275.0,1.65,1.85,3.0,817.0,P,2026-12-18,7803.91015625,2026-10-07T14:48-04:00
4300.0,1.7,1.85,1.0,7721.0,P,2026-12-18,7803.91015625,2026-10-07T14:48-04:00
4325.0,1.7,1.9,5.0,550.0,P,2026-12-18,7803.91015625,2026-10-07T14:48-04:00
4350.0,1.75,1.95,4.0,893.0,P,2026-12-18,7803.91015625,2026-10-07T14:48-04:00
4375.0,1.8,2.0,1.0,662.0,P,2026-12-18,7803.91015625,2026-10-07T14:48-04:00
4400.0,1.95,2.05,16.0,1216.0,P,2026-12-18,7803.91015625,2026-10-07T14:48-04:00
4425.0,2.9,3.3,1.0,0.0,P,2026-12-18,7803.91015625,2026-10-07T14:48-04:00
4450.0,2.0,2.2,3.0,3840.0,P,2026-12-18,7803.91015625,2026-10-07T14:48-04:00
4475.0,2.05,2.25,10.0,288.0,P,2026-12-18,7803.91015625,2026-10-07T14:48-04:00
4500.0,2.1,2.3,1.0,25529.0,P,2026-12-18,7803.91015625,2026-10-07T14:48-04:00
4525.0,2.15,2.35,1.0,833.0,P,2026-12-18,7803.91015625,2026-10-07T14:48-04:00
4550.0,2.2,2.4,101.0,1368.0,P,2026-12-18,7803.91015625,2026-10-07T14:48-04:00
4575.0,2.25,2.45,2.0,669.0,P,2026-12-18,7803.91015625,2026-10-07T14:48-04:00
4600.0,2.4,2.55,660.0,1011.0,P,2026-12-18,7803.91015625,2026-10-07T14:48-04:00
4625.0,2.4,2.6,1.0,360.0,P,2026-12-18,7803.91015625,2026-10-07T14:48-04:00
4650.0,2.45,2.65,1.0,2288.0,P,2026-12-18,7803.91015625,2026-10-07T14:48-04:00
4675.0,2.55,2.75,2.0,683.0,P,2026-12-18,7803.91015625,2026-10-07T14:48-04:00
4700.0,2.6,2.8,130.0,22835.0,P,2026-12-18,7803.91015625,2026-10-07T14:48-04:00
4725.0,2.7,2.85,12.0,751.0,P,2026-12-18,7803.91015625,2026-10-07T14:48-04:00
4750.0,2.75,2.9,202.0,4907.0,P,2026-12-18,7803.91015625,2026-10-07T14:48-04:00
4775.0,2.8,3.0,1.0,948.0,P,2026-12-18,7803.91015625,2026-10-07T14:48-04:00
4800.0,2.95,3.1,10.0,184.0,P,2026-12-18,7803.91015625,2026-10-07T14:48-04:00
4825.0,2.95,3.2,1.0,772.0,P,2026-12-18,7803.91015625,2026-10-07T14:48-04:00
4850.0,3.0,3.2,14.0,4486.0,P,2026-12-18,7803.91015625,2026-10-07T14:48-04:00
4875.0,3.1,3.3,3.0,596.0,P,2026-12-18,7803.91015625,2026-10-07T14:48-04:00
4900.0,3.2,3.4,402.0,11541.0,P,2026-12-18,7803.91015625,2026-10-07T14:48-04:00
4925.0,3.3,3.5,21.0,1119.0,P,2026-12-18,7803.91015625,2026-10-07T14:48-04:00
4950.0,3.4,3.6,3.0,806.0,P,2026-12-18,7803.91015625,2026-10-07T14:48-04:00
4975.0,3.4,3.7,14.0,2227.0,P,2026-12-18,7803.91015625,2026-10-07T14:48-04:00
5000.0,3.6,3.7,224.0,119217.0,P,2026-12-18,7803.91015625,2026-10-07T14:48-04:00
5025.0,3.6,3.8,3.0,912.0,P,2026-12-18,7803.91015625,2026-10-07T14:48-04:00
5050.0,3.7,3.9,11.0,2878.0,P,2026-12-18,7803.91015625,2026-10-07T14:48-04:00
5075.0,3.8,4.0,1.0,992.0,P,2026-12-18,7803.91015625,2026-10-07T14:48-04:00
5100.0,4.0,4.2,9.0,128.0,P,2026-12-18,7803.91015625,2026-10-07T14:48-04:00
5125.0,4.0,4.2,44.0,1460.0,P,2026-12-18,7803.91015625,2026-10-07T14:48-04:00
5150.0,4.1,4.3,1.0,2285.0,P,2026-12-18,7803.91015625,2026-10-07T14:48-04:00
5175.0,4.2,4.5,9.0,524.0,P,2026-12-18,7803.91015625,2026-10-07T14:48-04:00
5200.0,4.4,4.6,1.0,796.0,P,2026-12-18,7803.91015625,2026-10-07T14:48-04:00
5225.0,4.4,4.7,10.0,4922.0,P,2026-12-18,7803.91015625,2026-10-07T14:48-04:00
5250.0,4.6,4.8,30.0,4358.0,P,2026-12-18,7803.91015625,2026-10-07T14:48-04:00
5275.0,4.7,4.9,60.0,2373.0,P,2026-12-18,7803.91015625,2026-10-07T14:48-04:00
5300.0,4.8,5.0,16.0,12098.0,P,2026-12-18,7803.91015625,2026-10-07T14:48-04:00
5325.0,4.9,5.2,1.0,2898.0,P,2026-12-18,7803.91015625,2026-10-07T14:48-04:00
5350.0,5.2,5.3,2.0,380.0,P,2026-12-18,7803.91015625,2026-10-07T14:48-04:00
5375.0,5.2,5.4,1.0,1512.0,P,2026-12-18,7803.91015625,2026-10-07T14:48-04:00
5400.0,5.4,5.6,2.0,441.0,P,2026-12-18,7803.91015625,2026-10-07T14:48-04:00
5425.0,5.5,5.7,29.0,950.0,P,2026-12-18,7803.91015625,2026-10-07T14:48-04:00
5450.0,5.6,5.8,24.0,2078.0,P,2026-12-18,7803.91015625,2026-10-07T14:48-04:00
5475.0,5.7,6.0,8.0,1292.0,P,2026-12-18,7803.91015625,2026-10-07T14:48-04:00
5500.0,5.9,6.1,633.0,37334.0,P,2026-12-18,7803.91015625,2026-10-07T14:48-04:00
5525.0,6.0,6.3,3.0,1000.0,P,2026-12-18,7803.91015625,2026-10-07T14:48-04:00
5550.0,6.2,6.4,1.0,3214.0,P,2026-12-18,7803.91015625,2026-10-07T14:48-04:00
5575.0,6.4,6.6,6.0,1224.0,P,2026-12-18,7803.91015625,2026-10-07T14:48-04:00
5600.0,6.7,6.8,210.0,392.0,P,2026-12-18,7803.91015625,2026-10-07T14:48-04:00
5625.0,6.7,6.9,1.0,9883.0,P,2026-12-18,7803.91015625,2026-10-07T14:48-04:00
5650.0,7.0,7.2,50.0,244.0,P,2026-12-18,7803.91015625,2026-10-07T14:48-04:00
5675.0,7.1,7.3,53.0,1322.0,P,2026-12-18,7803.91015625,2026-10-07T14:48-04:00
5700.0,7.3,7.5,156.0,13253.0,P,2026-12-18,7803.91015625,2026-10-07T14:48-04:00
5725.0,7.4,7.7,2.0,1524.0,P,2026-12-18,7803.91015625,2026-10-07T14:48-04:00
5750.0,7.7,7.9,10.0,165.0,P,2026-12-18,7803.91015625,2026-10-07T14:48-04:00
5775.0,7.8,8.1,37.0,2350.0,P,2026-12-18,7803.91015625,2026-10-07T14:48-04:00
5800.0,8.2,8.4,4.0,42.0,P,2026-12-18,7803.91015625,2026-10-07T14:48-04:00
5825.0,8.3,8.5,4.0,695.0,P,2026-12-18,7803.91015625,2026-10-07T14:48-04:00
5850.0,8.5,8.7,8.0,4483.0,P,2026-12-18,7803.91015625,2026-10-07T14:48-04:00
5875.0,8.7,9.0,11.0,2103.0,P,2026-12-18,7803.91015625,2026-10-07T14:48-04:00
5900.0,9.1,9.3,14.0,665.0,P,2026-12-18,7803.91015625,2026-10-07T14:48-04:00
5925.0,9.2,9.4,21.0,1010.0,P,2026-12-18,7803.91015625,2026-10-07T14:48-04:00
5950.0,9.4,9.7,6.0,3001.0,P,2026-12-18,7803.91015625,2026-10-07T14:48-04:00
5975.0,9.7,9.9,450.0,2708.0,P,2026-12-18,7803.91015625,2026-10-07T14:48-04:00
6000.0,9.9,10.2,1263.0,153866.0,P,2026-12-18,7803.91015625,2026-10-07T14:48-04:00
6025.0,10.3,10.5,339.0,2971.0,P,2026-12-18,7803.91015625,2026-10-07T14:48-04:00
6050.0,10.5,10.7,154.0,7686.0,P,2026-12-18,7803.91015625,2026-10-07T14:48-04:00
6075.0,10.8,11.0,5.0,3152.0,P,2026-12-18,7803.91015625,2026-10-07T14:48-04:00
6100.0,11.2,11.5,1.0,1909.0,P,2026-12-18,7803.91015625,2026-10-07T14:48-04:00
6125.0,11.4,11.6,44.0,2958.0,P,2026-12-18,7803.91015625,2026-10-07T14:48-04:00
6150.0,11.7,12.0,1337.0,5784.0,P,2026-12-18,7803.91015625,2026-10-07T14:48-04:00
6175.0,12.0,12.3,12.0,6291.0,P,2026-12-18,7803.91015625,2026-10-07T14:48-04:00
6200.0,12.4,12.7,123.0,32247.0,P,2026-12-18,7803.91015625,2026-10-07T14:48-04:00
6225.0,12.7,13.0,10.0,5252.0,P,2026-12-18,7803.91015625,2026-10-07T14:48-04:00
6250.0,13.1,13.4,70.0,11398.0,P,2026-12-18,7803.91015625,2026-10-07T14:48-04:00
6275.0,13.5,13.8,8.0,4317.0,P,2026-12-18,7803.91015625,2026-10-07T14:48-04:00
6300.0,13.9,14.2,110.0,30599.0,P,2026-12-18,7803.91015625,2026-10-07T14:48-04:00
6325.0,14.5,14.7,1.0,20.0,P,2026-12-18,7803.91015625,2026-10-07T14:48-04:00
6350.0,14.8,15.0,100.0,5739.0,P,2026-12-18,7803.91015625,2026-10-07T14:48-04:00
6375.0,15.4,15.6,2.0,6.0,P,2026-12-18,7803.91015625,2026-10-07T14:48-04:00
6400.0,15.6,15.9,415.0,21203.0,P,2026-12-18,7803.91015625,2026-10-07T14:48-04:00
6410.0,15.8,16.1,1.0,57.0,P,2026-12-18,7803.91015625,2026-10-07T14:48-04:00
6420.0,16.0,16.3,2.0,33.0,P,2026-12-18,7803.91015625,2026-10-07T14:48-04:00
6425.0,16.3,16.5,5.0,82.0,P,2026-12-18,7803.91015625,2026-10-07T14:48-04:00
6430.0,16.2,16.5,1.0,30.0,P,2026-12-18,7803.91015625,2026-10-07T14:48-04:00
6440.0,16.3,16.7,1.0,342.0,P,2026-12-18,7803.91015625,2026-10-07T14:48-04:00
6450.0,16.6,16.9,513.0,8456.0,P,2026-12-18,7803.91015625,2026-10-07T14:48-04:00
6460.0,16.7,17.1,1.0,7.0,P,2026-12-18,7803.91015625,2026-10-07T14:48-04:00
6470.0,17.0,17.3,144.0,160.0,P,2026-12-18,7803.91015625,2026-10-07T14:48-04:00
6475.0,17.1,17.4,11.0,1794.0,P,2026-12-18,7803.91015625,2026-10-07T14:48-04:00
6480.0,17.2,17.5,1.0,12.0,P,2026-12-18,7803.91015625,2026-10-07T14:48-04:00
6490.0,17.7,17.9,1.0,21.0,P,2026-12-18,7803.91015625,2026-10-07T14:48-04:00
6500.0,17.9,18.2,3.0,456.0,P,2026-12-18,7803.91015625,2026-10-07T14:48-04:00
6510.0,18.1,18.3,1.0,10.0,P,2026-12-18,7803.91015625,2026-10-07T14:48-04:00
6520.0,18.3,18.6,1.0,2.0,P,2026-12-18,7803.91015625,2026-10-07T14:48-04:00
6525.0,18.5,18.8,1.0,36.0,P,2026-12-18,7803.91015625,2026-10-07T14:48-04:00
6530.0,18.2,18.6,103.0,114.0,P,2026-12-18,7803.91015625,2026-10-07T14:48-04:00
6540.0,18.6,18.9,126.0,188.0,P,2026-12-18,7803.91015625,2026-10-07T14:48-04:00
6550.0,19.0,19.3,8.0,701.0,P,2026-12-18,7803.91015625,2026-10-07T14:48-04:00
6560.0,19.2,19.5,5.0,8.0,P,2026-12-18,7803.91015625,2026-10-07T14:48-04:00
6570.0,19.5,19.8,13.0,13.0,P,2026-12-18,7803.91015625,2026-10-07T14:48-04:00
6575.0,19.3,19.7,141.0,2623.0,P,2026-12-18,7803.91015625,2026-10-07T14:48-04:00
6580.0,19.4,19.8,133.0,336.0,P,2026-12-18,7803.91015625,2026-10-07T14:48-04:00
6590.0,19.8,20.1,36.0,219.0,P,2026-12-18,7803.91015625,2026-10-07T14:48-04:00
6600.0,20.0,20.3,265.0,31793.0,P,2026-12-18,7803.91015625,2026-10-07T14:48-04:00
6610.0,20.6,20.8,2.0,14.0,P,2026-12-18,7803.91015625,2026-10-07T14:48-04:00
6620.0,20.8,21.1,2.0,23.0,P,2026-12-18,7803.91015625,2026-10-07T14:48-04:00
6625.0,20.7,21.0,2.0,7569.0,P,2026-12-18,7803.91015625,2026-10-07T14:48-04:00
6630.0,21.0,21.3,10.0,40.0,P,2026-12-18,7803.91015625,2026-10-07T14:48-04:00
6640.0,21.5,21.7,1.0,37.0,P,2026-12-18,7803.91015625,2026-10-07T14:48-04:00
6650.0,21.7,22.0,28.0,395.0,P,2026-12-18,7803.91015625,2026-10-07T14:48-04:00
6660.0,21.6,22.0,1.0,426.0,P,2026-12-18,7803.91015625,2026-10-07T14:48-04:00
6670.0,21.9,22.2,1.0,160.0,P,2026-12-18,7803.91015625,2026-10-07T14:48-04:00
6675.0,22.1,22.4,5.0,4733.0,P,2026-12-18,7803.91015625,2026-10-07T14:48-04:00
6680.0,22.2,22.5,4.0,252.0,P,2026-12-18,7803.91015625,2026-10-07T14:48-04:00
6690.0,22.8,23.1,2.0,94.0,P,2026-12-18,7803.91015625,2026-10-07T14:48-04:00
6700.0,22.8,23.1,12.0,29056.0,P,2026-12-18,7803.91015625,2026-10-07T14:48-04:00
6710.0,23.1,23.5,2.0,152.0,P,2026-12-18,7803.91015625,2026-10-07T14:48-04:00
6720.0,23.7,24.0,1.0,30.0,P,2026-12-18,7803.91015625,2026-10-07T14:48-04:00
6725.0,24.0,24.2,156.0,230.0,P,2026-12-18,7803.91015625,2026-10-07T14:48-04:00
6730.0,24.2,24.4,1.0,120.0,P,2026-12-18,7803.91015625,2026-10-07T14:48-04:00
6740.0,24.1,24.4,35.0,226.0,P,2026-12-18,7803.91015625,2026-10-07T14:48-04:00
6750.0,24.5,24.8,60.0,11453.0,P,2026-12-18,7803.91015625,2026-10-07T14:48-04:00
6760.0,25.2,25.4,2.0,13.0,P,2026-12-18,7803.91015625,2026-10-07T14:48-04:00
6770.0,25.4,25.7,1.0,66.0,P,2026-12-18,7803.91015625,2026-10-07T14:48-04:00
6775.0,25.8,26.0,1.0,140.0,P,2026-12-18,7803.91015625,2026-10-07T14:48-04:00
6780.0,25.9,26.1,1.0,51.0,P,2026-12-18,7803.91015625,2026-10-07T14:48-04:00
6790.0,26.3,26.5,2.0,115.0,P,2026-12-18,7803.91015625,2026-10-07T14:48-04:00
6800.0,26.3,26.6,66.0,26596.0,P,2026-12-18,7803.91015625,2026-10-07T14:48-04:00
6810.0,27.1,27.3,2.0,77.0,P,2026-12-18,7803.91015625,2026-10-07T14:48-04:00
6820.0,27.0,27.4,139.0,192.0,P,2026-12-18,7803.91015625,2026-10-07T14:48-04:00
6825.0,27.2,27.6,5.0,5896.0,P,2026-12-18,7803.91015625,2026-10-07T14:48-04:00
6830.0,27.4,27.8,3.0,127.0,P,2026-12-18,7803.91015625,2026-10-07T14:48-04:00
6840.0,28.2,28.4,5.0,85.0,P,2026-12-18,7803.91015625,2026-10-07T14:48-04:00
6850.0,28.2,28.6,25.0,25008.0,P,2026-12-18,7803.91015625,2026-10-07T14:48-04:00
6860.0,28.5,28.9,11.0,451.0,P,2026-12-18,7803.91015625,2026-10-07T14:48-04:00
6870.0,29.0,29.4,1.0,542.0,P,2026-12-18,7803.91015625,2026-10-07T14:48-04:00
6875.0,29.7,29.9,1.0,293.0,P,2026-12-18,7803.91015625,2026-10-07T14:48-04:00
6880.0,29.9,30.1,1.0,81.0,P,2026-12-18,7803.91015625,2026-10-07T14:48-04:00
6890.0,29.9,30.2,31.0,410.0,P,2026-12-18,7803.91015625,2026-10-07T14:48-04:00
6900.0,30.7,31.0,20.0,3622.0,P,2026-12-18,7803.91015625,2026-10-07T14:48-04:00
6910.0,30.6,31.1,4.0,382.0,P,2026-12-18,7803.91015625,2026-10-07T14:48-04:00
6920.0,31.1,31.5,1.0,1286.0,P,2026-12-18,7803.91015625,2026-10-07T14:48-04:00
6925.0,31.5,31.9,7.0,4294.0,P,2026-12-18,7803.91015625,2026-10-07T14:48-04:00
6930.0,31.7,32.1,2.0,3252.0,P,2026-12-18,7803.91015625,2026-10-07T14:48-04:00
6940.0,32.2,32.6,24.0,182.0,P,2026-12-18,7803.91015625,2026-10-07T14:48-04:00
6950.0,32.6,33.1,1.0,9813.0,P,2026-12-18,7803.91015625,2026-10-07T14:48-04:00
6960.0,33.0,33.5,45.0,530.0,P,2026-12-18,7803.91015625,2026-10-07T14:48-04:00
6970.0,33.7,34.1,8.0,627.0,P,2026-12-18,7803.91015625,2026-10-07T14:48-04:00
6975.0,33.8,34.2,26.0,3894.0,P,2026-12-18,7803.91015625,2026-10-07T14:48-04:00
6980.0,34.1,34.6,3.0,299.0,P,2026-12-18,7803.91015625,2026-10-07T14:48-04:00
6990.0,34.6,35.0,1.0,489.0,P,2026-12-18,7803.91015625,2026-10-07T14:48-04:00
7000.0,35.8,36.1,83.0,1081.0,P,2026-12-18,7803.91015625,2026-10-07T14:48-04:00
7010.0,35.9,36.3,2.0,172.0,P,2026-12-18,7803.91015625,2026-10-07T14:48-04:00
7020.0,36.4,36.8,1.0,126.0,P,2026-12-18,7803.91015625,2026-10-07T14:48-04:00
7025.0,37.2,37.5,20.0,147.0,P,2026-12-18,7803.91015625,2026-10-07T14:48-04:00
7030.0,36.9,37.3,1.0,23.0,P,2026-12-18,7803.91015625,2026-10-07T14:48-04:00
7040.0,37.5,37.9,10.0,414.0,P,2026-12-18,7803.91015625,2026-10-07T14:48-04:00
7050.0,38.7,39.0,1.0,246.0,P,2026-12-18,7803.91015625,2026-10-07T14:48-04:00
7060.0,39.4,39.7,3.0,44.0,P,2026-12-18,7803.91015625,2026-10-07T14:48-04:00
7070.0,40.0,40.3,1.0,12.0,P,2026-12-18,7803.91015625,2026-10-07T14:48-04:00
7075.0,40.2,40.5,30.0,344.0,P,2026-12-18,7803.91015625,2026-10-07T14:48-04:00
7080.0,40.2,40.6,1.0,107.0,P,2026-12-18,7803.91015625,2026-10-07T14:48-04:00
7090.0,40.7,41.1,4.0,854.0,P,2026-12-18,7803.91015625,2026-10-07T14:48-04:00
7100.0,41.4,41.9,334.0,26353.0,P,2026-12-18,7803.91015625,2026-10-07T14:48-04:00
7110.0,42.5,42.9,17.0,22.0,P,2026-12-18,7803.91015625,2026-10-07T14:48-04:00
7120.0,43.4,43.7,2.0,14.0,P,2026-12-18,7803.91015625,2026-10-07T14:48-04:00
7125.0,43.1,43.5,23.0,7735.0,P,2026-12-18,7803.91015625,2026-10-07T14:48-04:00
7130.0,43.4,43.8,1.0,628.0,P,2026-12-18,7803.91015625,2026-10-07T14:48-04:00
7140.0,44.1,44.6,3.0,2237.0,P,2026-12-18,7803.91015625,2026-10-07T14:48-04:00
7150.0,45.5,45.8,21.0,202.0,P,2026-12-18,7803.91015625,2026-10-07T14:48-04:00
7160.0,45.6,46.1,1.0,262.0,P,2026-12-18,7803.91015625,2026-10-07T14:48-04:00
7165.0,46.7,47.1,2.0,20.0,P,2026-12-18,7803.91015625,2026-10-07T14:48-04:00
7170.0,46.4,46.9,33.0,309.0,P,2026-12-18,7803.91015625,2026-10-07T14:48-04:00
7175.0,47.7,48.0,2.0,254.0,P,2026-12-18,7803.91015625,2026-10-07T14:48-04:00
7180.0,47.3,47.8,1.0,302.0,P,2026-12-18,7803.91015625,2026-10-07T14:48-04:00
7185.0,48.3,48.7,1.0,16.0,P,2026-12-18,7803.91015625,2026-10-07T14:48-04:00
7190.0,48.1,48.5,50.0,489.0,P,2026-12-18,7803.91015625,2026-10-07T14:48-04:00
7195.0,48.4,48.9,1.0,799.0,P,2026-12-18,7803.91015625,2026-10-07T14:48-04:00
7200.0,49.6,49.9,19.0,488.0,P,2026-12-18,7803.91015625,2026-10-07T14:48-04:00
7205.0,50.0,50.4,2.0,20.0,P,2026-12-18,7803.91015625,2026-10-07T14:48-04:00
7210.0,50.3,50.7,1.0,8.0,P,2026-12-18,7803.91015625,2026-10-07T14:48-04:00
7215.0,50.9,51.2,,15.0,P,2026-12-18,7803.91015625,2026-10-07T14:48-04:00
7220.0,51.3,51.7,11.0,105.0,P,2026-12-18,7803.91015625,2026-10-07T14:48-04:00
7225.0,51.6,52.0,4.0,246.0,P,2026-12-18,7803.91015625,2026-10-07T14:48-04:00
7230.0,52.2,52.5,2.0,70.0,P,2026-12-18,7803.91015625,2026-10-07T14:48-04:00
7235.0,52.7,53.1,2.0,27.0,P,2026-12-18,7803.91015625,2026-10-07T14:48-04:00
7240.0,53.1,53.5,1.0,135.0,P,2026-12-18,7803.91015625,2026-10-07T14:48-04:00
7245.0,53.4,53.9,1.0,1.0,P,2026-12-18,7803.91015625,2026-10-07T14:48-04:00
7250.0,54.0,54.4,1.0,1588.0,P,2026-12-18,7803.91015625,2026-10-07T14:48-04:00
7255.0,54.4,54.8,2.0,13.0,P,2026-12-18,7803.91015625,2026-10-07T14:48-04:00
7260.0,55.1,55.4,1.0,159.0,P,2026-12-18,7803.91015625,2026-10-07T14:48-04:00
7265.0,55.5,55.8,5.0,6.0,P,2026-12-18,7803.91015625,2026-10-07T14:48-04:00
7270.0,56.0,56.4,1.0,32.0,P,2026-12-18,7803.91015625,2026-10-07T14:48-04:00
7275.0,56.5,56.8,6.0,272.0,P,2026-12-18,7803.91015625,2026-10-07T14:48-04:00
7280.0,57.0,57.4,1.0,17.0,P,2026-12-18,7803.91015625,2026-10-07T14:48-04:00
7285.0,56.7,57.3,37.0,120.0,P,2026-12-18,7803.91015625,2026-10-07T14:48-04:00
7290.0,58.1,58.4,1.0,1269.0,P,2026-12-18,7803.91015625,2026-10-07T14:48-04:00
7295.0,57.8,58.4,13.0,165.0,P,2026-12-18,7803.91015625,2026-10-07T14:48-04:00
7300.0,59.1,59.5,10.0,3921.0,P,2026-12-18,7803.91015625,2026-10-07T14:48-04:00
7305.0,59.7,60.0,,3.0,P,2026-12-18,7803.91015625,2026-10-07T14:48-04:00
7310.0,59.3,59.9,1353.0,1704.0,P,2026-12-18,7803.91015625,2026-10-07T14:48-04:00
7315.0,60.7,61.0,7.0,14.0,P,2026-12-18,7803.91015625,2026-10-07T14:48-04:00
7320.0,60.6,61.2,27.0,476.0,P,2026-12-18,7803.91015625,2026-10-07T14:48-04:00
7325.0,61.9,62.3,2.0,106.0,P,2026-12-18,7803.91015625,2026-10-07T14:48-04:00
7330.0,61.7,62.3,5.0,2276.0,P,2026-12-18,7803.91015625,2026-10-07T14:48-04:00
7335.0,63.1,63.4,26.0,44.0,P,2026-12-18,7803.91015625,2026-10-07T14:48-04:00
7340.0,63.6,64.0,1.0,165.0,P,2026-12-18,7803.91015625,2026-10-07T14:48-04:00
7345.0,64.0,64.5,2.0,22.0,P,2026-12-18,7803.91015625,2026-10-07T14:48-04:00
7350.0,64.8,65.2,7.0,103.0,P,2026-12-18,7803.91015625,2026-10-07T14:48-04:00
7355.0,64.7,65.2,1.0,319.0,P,2026-12-18,7803.91015625,2026-10-07T14:48-04:00
7360.0,65.8,66.2,1.0,91.0,P,2026-12-18,7803.91015625,2026-10-07T14:48-04:00
7365.0,65.7,66.2,352.0,40.0,P,2026-12-18,7803.91015625,2026-10-07T14:48-04:00
7370.0,67.2,67.6,9.0,39.0,P,2026-12-18,7803.91015625,2026-10-07T14:48-04:00
7375.0,67.1,67.6,2.0,3397.0,P,2026-12-18,7803.91015625,2026-10-07T14:48-04:00
7380.0,68.6,68.9,3.0,74.0,P,2026-12-18,7803.91015625,2026-10-07T14:48-04:00
7385.0,69.2,69.5,5.0,21.0,P,2026-12-18,7803.91015625,2026-10-07T14:48-04:00
7390.0,68.9,69.5,46.0,353.0,P,2026-12-18,7803.91015625,2026-10-07T14:48-04:00
7395.0,69.5,70.1,3.0,163.0,P,2026-12-18,7803.91015625,2026-10-07T14:48-04:00
7400.0,70.2,70.7,738.0,38456.0,P,2026-12-18,7803.91015625,2026-10-07T14:48-04:00
7405.0,71.2,71.8,51.0,430.0,P,2026-12-18,7803.91015625,2026-10-07T14:48-04:00
7410.0,71.7,72.3,2.0,1064.0,P,2026-12-18,7803.91015625,2026-10-07T14:48-04:00
7415.0,72.2,72.8,7.0,318.0,P,2026-12-18,7803.91015625,2026-10-07T14:48-04:00
7420.0,73.2,73.7,1.0,570.0,P,2026-12-18,7803.91015625,2026-10-07T14:48-04:00
7425.0,74.4,74.8,10.0,162.0,P,2026-12-18,7803.91015625,2026-10-07T14:48-04:00
7430.0,74.5,75.2,25.0,1580.0,P,2026-12-18,7803.91015625,2026-10-07T14:48-04:00
7435.0,75.0,75.6,10.0,317.0,P,2026-12-18,7803.91015625,2026-10-07T14:48-04:00
7440.0,75.8,76.4,2.0,688.0,P,2026-12-18,7803.91015625,2026-10-07T14:48-04:00
7445.0,76.9,77.5,36.0,1528.0,P,2026-12-18,7803.91015625,2026-10-07T14:48-04:00
7450.0,77.3,77.9,2337.0,16407.0,P,2026-12-18,7803.91015625,2026-10-07T14:48-04:00
7455.0,78.9,79.4,1.0,9.0,P,2026-12-18,7803.91015625,2026-10-07T14:48-04:00
7460.0,78.8,79.4,6.0,269.0,P,2026-12-18,7803.91015625,2026-10-07T14:48-04:00
7465.0,80.7,81.0,20.0,15.0,P,2026-12-18,7803.91015625,2026-10-07T14:48-04:00
7470.0,80.5,81.1,4.0,368.0,P,2026-12-18,7803.91015625,2026-10-07T14:48-04:00
7475.0,82.3,82.7,22.0,210.0,P,2026-12-18,7803.91015625,2026-10-07T14:48-04:00
7480.0,82.1,82.8,2.0,144.0,P,2026-12-18,7803.91015625,2026-10-07T14:48-04:00
7485.0,83.9,84.2,5.0,10.0,P,2026-12-18,7803.91015625,2026-10-07T14:48-04:00
7490.0,84.8,85.1,7.0,20.0,P,2026-12-18,7803.91015625,2026-10-07T14:48-04:00
7495.0,85.7,86.0,2.0,16.0,P,2026-12-18,7803.91015625,2026-10-07T14:48-04:00
7500.0,86.5,86.9,38.0,964.0,P,2026-12-18,7803.91015625,2026-10-07T14:48-04:00
7505.0,87.4,87.7,,1.0,P,2026-12-18,7803.91015625,2026-10-07T14:48-04:00
7510.0,88.3,88.6,13.0,26.0,P,2026-12-18,7803.91015625,2026-10-07T14:48-04:00
7515.0,89.1,89.5,13.0,12.0,P,2026-12-18,7803.91015625,2026-10-07T14:48-04:00
7520.0,88.8,89.4,23.0,463.0,P,2026-12-18,7803.91015625,2026-10-07T14:48-04:00
7525.0,90.0,90.5,39.0,3551.0,P,2026-12-18,7803.91015625,2026-10-07T14:48-04:00
7530.0,90.8,91.4,20.0,390.0,P,2026-12-18,7803.91015625,2026-10-07T14:48-04:00
7535.0,91.7,92.3,6.0,70.0,P,2026-12-18,7803.91015625,2026-10-07T14:48-04:00
7540.0,93.7,94.1,10.0,85.0,P,2026-12-18,7803.91015625,2026-10-07T14:48-04:00
7545.0,93.7,94.3,2.0,124.0,P,2026-12-18,7803.91015625,2026-10-07T14:48-04:00
7550.0,95.6,96.0,21.0,394.0,P,2026-12-18,7803.91015625,2026-10-07T14:48-04:00
7555.0,95.4,96.0,1.0,234.0,P,2026-12-18,7803.91015625,2026-10-07T14:48-04:00
7560.0,97.7,98.0,3.0,533.0,P,2026-12-18,7803.91015625,2026-10-07T14:48-04:00
7565.0,97.4,98.0,1.0,97.0,P,2026-12-18,7803.91015625,2026-10-07T14:48-04:00
7570.0,99.7,100.1,2.0,85.0,P,2026-12-18,7803.91015625,2026-10-07T14:48-04:00
7575.0,100.7,101.0,11.0,215.0,P,2026-12-18,7803.91015625,2026-10-07T14:48-04:00
7580.0,100.7,101.2,3.0,407.0,P,2026-12-18,7803.91015625,2026-10-07T14:48-04:00
7585.0,101.5,102.1,35.0,520.0,P,2026-12-18,7803.91015625,2026-10-07T14:48-04:00
7590.0,102.8,103.4,4.0,361.0,P,2026-12-18,7803.91015625,2026-10-07T14:48-04:00
7595.0,103.8,104.4,11.0,364.0,P,2026-12-18,7803.91015625,2026-10-07T14:48-04:00
7600.0,104.7,105.3,1685.0,37207.0,P,2026-12-18,7803.91015625,2026-10-07T14:48-04:00
7605.0,106.0,106.6,3.0,167.0,P,2026-12-18,7803.91015625,2026-10-07T14:48-04:00
7610.0,108.2,108.5,2.0,520.0,P,2026-12-18,7803.91015625,2026-10-07T14:48-04:00
7615.0,108.1,108.7,41.0,216.0,P,2026-12-18,7803.91015625,2026-10-07T14:48-04:00
7620.0,110.1,110.8,18.0,47.0,P,2026-12-18,7803.91015625,2026-10-07T14:48-04:00
7625.0,110.7,111.2,171.0,3588.0,P,2026-12-18,7803.91015625,2026-10-07T14:48-04:00
7630.0,112.6,113.1,5.0,34.0,P,2026-12-18,7803.91015625,2026-10-07T14:48-04:00
7635.0,112.7,113.4,2.0,1391.0,P,2026-12-18,7803.91015625,2026-10-07T14:48-04:00
7640.0,113.9,114.6,64.0,1081.0,P,2026-12-18,7803.91015625,2026-10-07T14:48-04:00
7645.0,115.5,116.0,100.0,1505.0,P,2026-12-18,7803.91015625,2026-10-07T14:48-04:00
7650.0,116.4,117.0,163.0,32015.0,P,2026-12-18,7803.91015625,2026-10-07T14:48-04:00
7655.0,118.0,118.5,11.0,3034.0,P,2026-12-18,7803.91015625,2026-10-07T14:48-04:00
7660.0,119.1,119.8,14.0,2362.0,P,2026-12-18,7803.91015625,2026-10-07T14:48-04:00
7665.0,120.5,121.1,3.0,2166.0,P,2026-12-18,7803.91015625,2026-10-07T14:48-04:00
7670.0,121.5,122.1,2.0,2071.0,P,2026-12-18,7803.91015625,2026-10-07T14:48-04:00
7675.0,122.8,123.4,616.0,5903.0,P,2026-12-18,7803.91015625,2026-10-07T14:48-04:00
7680.0,124.5,125.0,66.0,5107.0,P,2026-12-18,7803.91015625,2026-10-07T14:48-04:00
7685.0,125.5,126.1,1.0,4151.0,P,2026-12-18,7803.91015625,2026-10-07T14:48-04:00
7690.0,127.2,127.7,1.0,8510.0,P,2026-12-18,7803.91015625,2026-10-07T14:48-04:00
7695.0,128.6,129.1,56.0,3402.0,P,2026-12-18,7803.91015625,2026-10-07T14:48-04:00
7700.0,131.0,131.4,3.0,1649.0,P,2026-12-18,7803.91015625,2026-10-07T14:48-04:00
7705.0,131.4,132.0,5.0,8226.0,P,2026-12-18,7803.91015625,2026-10-07T14:48-04:00
7710.0,132.8,133.5,38.0,4221.0,P,2026-12-18,7803.91015625,2026-10-07T14:48-04:00
7715.0,134.2,134.9,12.0,3017.0,P,2026-12-18,7803.91015625,2026-10-07T14:48-04:00
7720.0,135.4,136.1,20.0,3837.0,P,2026-12-18,7803.91015625,2026-10-07T14:48-04:00
7725.0,138.3,138.7,2.0,1536.0,P,2026-12-18,7803.91015625,2026-10-07T14:48-04:00
7730.0,138.7,139.4,7.0,5406.0,P,2026-12-18,7803.91015625,2026-10-07T14:48-04:00
7735.0,141.5,141.9,2.0,19.0,P,2026-12-18,7803.91015625,2026-10-07T14:48-04:00
7740.0,141.9,142.5,3.0,4787.0,P,2026-12-18,7803.91015625,2026-10-07T14:48-04:00
7745.0,144.5,144.9,2.0,54.0,P,2026-12-18,7803.91015625,2026-10-07T14:48-04:00
7750.0,145.0,145.6,499.0,23668.0,P,2026-12-18,7803.91015625,2026-10-07T14:48-04:00
7755.0,146.6,147.3,36.0,4508.0,P,2026-12-18,7803.91015625,2026-10-07T14:48-04:00
7760.0,149.4,149.8,2.0,71.0,P,2026-12-18,7803.91015625,2026-10-07T14:48-04:00
7765.0,151.2,151.6,5.0,196.0,P,2026-12-18,7803.91015625,2026-10-07T14:48-04:00
7770.0,152.9,153.3,22.0,31.0,P,2026-12-18,7803.91015625,2026-10-07T14:48-04:00
7775.0,154.5,154.9,255.0,294.0,P,2026-12-18,7803.91015625,2026-10-07T14:48-04:00
7780.0,156.3,156.7,2.0,63.0,P,2026-12-18,7803.91015625,2026-10-07T14:48-04:00
7785.0,158.0,158.5,,,P,2026-12-18,7803.91015625,2026-10-07T14:48-04:00
7790.0,158.6,159.2,25.0,3472.0,P,2026-12-18,7803.91015625,2026-10-07T14:48-04:00
7795.0,160.0,160.7,7.0,5660.0,P,2026-12-18,7803.91015625,2026-10-07T14:48-04:00
7800.0,162.2,162.8,2953.0,29508.0,P,2026-12-18,7803.91015625,2026-10-07T14:48-04:00
7805.0,164.1,164.7,22.0,3081.0,P,2026-12-18,7803.91015625,2026-10-07T14:48-04:00
7810.0,165.8,166.5,5.0,3072.0,P,2026-12-18,7803.91015625,2026-10-07T14:48-04:00
7815.0,167.7,168.4,403.0,1959.0,P,2026-12-18,7803.91015625,2026-10-07T14:48-04:00
7820.0,170.8,171.2,7.0,40.0,P,2026-12-18,7803.91015625,2026-10-07T14:48-04:00
7825.0,172.8,173.3,14.0,429.0,P,2026-12-18,7803.91015625,2026-10-07T14:48-04:00
7830.0,173.6,174.2,1585.0,6008.0,P,2026-12-18,7803.91015625,2026-10-07T14:48-04:00
7835.0,175.6,176.2,409.0,6809.0,P,2026-12-18,7803.91015625,2026-10-07T14:48-04:00
7840.0,177.1,177.7,1480.0,4263.0,P,2026-12-18,7803.91015625,2026-10-07T14:48-04:00
7845.0,179.6,180.2,1342.0,3701.0,P,2026-12-18,7803.91015625,2026-10-07T14:48-04:00
7850.0,181.5,182.2,4201.0,20625.0,P,2026-12-18,7803.91015625,2026-10-07T14:48-04:00
7855.0,183.7,184.3,1393.0,82.0,P,2026-12-18,7803.91015625,2026-10-07T14:48-04:00
7860.0,186.2,187.2,7.0,59.0,P,2026-12-18,7803.91015625,2026-10-07T14:48-04:00
7865.0,187.8,188.5,1699.0,1387.0,P,2026-12-18,7803.91015625,2026-10-07T14:48-04:00
7870.0,190.1,190.7,30.0,2171.0,P,2026-12-18,7803.91015625,2026-10-07T14:48-04:00
7875.0,193.3,193.7,7.0,98.0,P,2026-12-18,7803.91015625,2026-10-07T14:48-04:00
7880.0,194.3,195.0,67.0,4744.0,P,2026-12-18,7803.91015625,2026-10-07T14:48-04:00
7885.0,197.9,198.4,20.0,21.0,P,2026-12-18,7803.91015625,2026-10-07T14:48-04:00
7890.0,199.0,199.6,1980.0,1464.0,P,2026-12-18,7803.91015625,2026-10-07T14:48-04:00
7895.0,202.4,202.9,5.0,22.0,P,2026-12-18,7803.91015625,2026-10-07T14:48-04:00
7900.0,204.6,205.1,2.0,198.0,P,2026-12-18,7803.91015625,2026-10-07T14:48-04:00
7905.0,206.3,207.1,1.0,17.0,P,2026-12-18,7803.91015625,2026-10-07T14:48-04:00
7910.0,209.3,209.7,22.0,28.0,P,2026-12-18,7803.91015625,2026-10-07T14:48-04:00
7915.0,211.7,212.2,1.0,20.0,P,2026-12-18,7803.91015625,2026-10-07T14:48-04:00
7920.0,214.2,214.7,2.0,53.0,P,2026-12-18,7803.91015625,2026-10-07T14:48-04:00
7925.0,216.6,217.0,5.0,81.0,P,2026-12-18,7803.91015625,2026-10-07T14:48-04:00
7930.0,219.1,219.6,2.0,91.0,P,2026-12-18,7803.91015625,2026-10-07T14:48-04:00
7935.0,221.4,221.9,1.0,4.0,P,2026-12-18,7803.91015625,2026-10-07T14:48-04:00
7940.0,224.1,224.6,2.0,87.0,P,2026-12-18,7803.91015625,2026-10-07T14:48-04:00
7945.0,226.7,227.1,2.0,2.0,P,2026-12-18,7803.91015625,2026-10-07T14:48-04:00
7950.0,229.2,229.7,3.0,121.0,P,2026-12-18,7803.91015625,2026-10-07T14:48-04:00
7955.0,231.7,232.1,6.0,17.0,P,2026-12-18,7803.91015625,2026-10-07T14:48-04:00
7960.0,234.2,234.6,26.0,110.0,P,2026-12-18,7803.91015625,2026-10-07T14:48-04:00
7965.0,235.3,237.3,7.0,23.0,P,2026-12-18,7803.91015625,2026-10-07T14:48-04:00
7970.0,239.8,240.2,3.0,85.0,P,2026-12-18,7803.91015625,2026-10-07T14:48-04:00
7975.0,242.5,242.9,7.0,80.0,P,2026-12-18,7803.91015625,2026-10-07T14:48-04:00
7980.0,245.2,245.6,12.0,78.0,P,2026-12-18,7803.91015625,2026-10-07T14:48-04:00
7985.0,247.9,248.4,5.0,23.0,P,2026-12-18,7803.91015625,2026-10-07T14:48-04:00
7990.0,250.4,250.9,6.0,129.0,P,2026-12-18,7803.91015625,2026-10-07T14:48-04:00
7995.0,252.2,252.9,1.0,1.0,P,2026-12-18,7803.91015625,2026-10-07T14:48-04:00
8000.0,255.2,255.9,10460.0,293682.0,P,2026-12-18,7803.91015625,2026-10-07T14:48-04:00
8010.0,261.0,261.7,10.0,29.0,P,2026-12-18,7803.91015625,2026-10-07T14:48-04:00
8020.0,266.9,267.5,2.0,21.0,P,2026-12-18,7803.91015625,2026-10-07T14:48-04:00
8025.0,270.8,271.4,4.0,78.0,P,2026-12-18,7803.91015625,2026-10-07T14:48-04:00
8030.0,272.9,273.5,1.0,38.0,P,2026-12-18,7803.91015625,2026-10-07T14:48-04:00
8040.0,278.9,279.7,2.0,43.0,P,2026-12-18,7803.91015625,2026-10-07T14:48-04:00
8050.0,285.0,285.7,1.0,30.0,P,2026-12-18,7803.91015625,2026-10-07T14:48-04:00
8060.0,290.5,291.4,1.0,19.0,P,2026-12-18,7803.91015625,2026-10-07T14:48-04:00
8070.0,298.7,299.1,6.0,61.0,P,2026-12-18,7803.91015625,2026-10-07T14:48-04:00
8075.0,302.0,302.5,3.0,108.0,P,2026-12-18,7803.91015625,2026-10-07T14:48-04:00
8080.0,305.2,305.6,6.0,18.0,P,2026-12-18,7803.91015625,2026-10-07T14:48-04:00
8090.0,309.8,314.2,,23.0,P,2026-12-18,7803.91015625,2026-10-07T14:48-04:00
8100.0,317.5,318.3,2.0,9383.0,P,2026-12-18,7803.91015625,2026-10-07T14:48-04:00
8110.0,324.2,324.9,1.0,33.0,P,2026-12-18,7803.91015625,2026-10-07T14:48-04:00
8120.0,331.2,332.0,1.0,89.0,P,2026-12-18,7803.91015625,2026-10-07T14:48-04:00
8125.0,334.6,335.3,1.0,190.0,P,2026-12-18,7803.91015625,2026-10-07T14:48-04:00
8130.0,337.3,338.1,1.0,104.0,P,2026-12-18,7803.91015625,2026-10-07T14:48-04:00
8140.0,345.1,345.8,1.0,19.0,P,2026-12-18,7803.91015625,2026-10-07T14:48-04:00
8150.0,352.4,353.6,1.0,185.0,P,2026-12-18,7803.91015625,2026-10-07T14:48-04:00
8160.0,359.6,360.9,1.0,12.0,P,2026-12-18,7803.91015625,2026-10-07T14:48-04:00
8170.0,366.9,368.3,11.0,12.0,P,2026-12-18,7803.91015625,2026-10-07T14:48-04:00
8175.0,370.6,372.1,1.0,77.0,P,2026-12-18,7803.91015625,2026-10-07T14:48-04:00
8200.0,387.9,392.9,1.0,74.0,P,2026-12-18,7803.91015625,2026-10-07T14:48-04:00
8225.0,408.9,410.4,1.0,52.0,P,2026-12-18,7803.91015625,2026-10-07T14:48-04:00
8240.0,420.8,422.3,,2.0,P,2026-12-18,7803.91015625,2026-10-07T14:48-04:00
8250.0,428.3,430.0,50.0,225.0,P,2026-12-18,7803.91015625,2026-10-07T14:48-04:00
8275.0,449.1,450.7,2.0,43.0,P,2026-12-18,7803.91015625,2026-10-07T14:48-04:00
8290.0,460.9,463.2,,1.0,P,2026-12-18,7803.91015625,2026-10-07T14:48-04:00
8300.0,469.8,471.5,102.0,286.0,P,2026-12-18,7803.91015625,2026-10-07T14:48-04:00
8325.0,491.0,492.8,10.0,24.0,P,2026-12-18,7803.91015625,2026-10-07T14:48-04:00
8350.0,527.0,547.8,,0.0,P,2026-12-18,7803.91015625,2026-10-07T14:48-04:00
8375.0,534.4,536.4,9.0,45.0,P,2026-12-18,7803.91015625,2026-10-07T14:48-04:00
8400.0,631.7,643.5,,0.0,P,2026-12-18,7803.91015625,2026-10-07T14:48-04:00
8425.0,578.6,580.6,1.0,1.0,P,2026-12-18,7803.91015625,2026-10-07T14:48-04:00
8450.0,620.5,622.3,1.0,0.0,P,2026-12-18,7803.91015625,2026-10-07T14:48-04:00
8500.0,639.5,659.7,2.0,7.0,P,2026-12-18,7803.91015625,2026-10-07T14:48-04:00
8525.0,688.9,690.7,3.0,0.0,P,2026-12-18,7803.91015625,2026-10-07T14:48-04:00
8550.0,878.2,880.7,1.0,1.0,P,2026-12-18,7803.91015625,2026-10-07T14:48-04:00
8575.0,718.5,721.1,2.0,1.0,P,2026-12-18,7803.91015625,2026-10-07T14:48-04:00
8600.0,742.6,744.5,1.0,35.0,P,2026-12-18,7803.91015625,2026-10-07T14:48-04:00
8700.0,853.6,857.5,1.0,0.0,P,2026-12-18,7803.91015625,2026-10-07T14:48-04:00
8750.0,887.9,890.3,10.0,294.0,P,2026-12-18,7803.91015625,2026-10-07T14:48-04:00
8775.0,911.9,914.5,2.0,1.0,P,2026-12-18,7803.91015625,2026-10-07T14:48-04:00
8800.0,936.9,939.3,3.0,46.0,P,2026-12-18,7803.91015625,2026-10-07T14:48-04:00
8850.0,985.9,988.3,10.0,295.0,P,2026-12-18,7803.91015625,2026-10-07T14:48-04:00
8900.0,1027.0,1048.6,10.0,253.0,P,2026-12-18,7803.91015625,2026-10-07T14:48-04:00
9000.0,1131.4,1138.1,71.0,4624.0,P,2026-12-18,7803.91015625,2026-10-07T14:48-04:00
9100.0,1224.5,1244.9,60.0,62.0,P,2026-12-18,7803.91015625,2026-10-07T14:48-04:00
9200.0,1323.4,1343.8,1.0,38.0,P,2026-12-18,7803.91015625,2026-10-07T14:48-04:00
9300.0,1422.4,1442.8,210.0,105.0,P,2026-12-18,7803.91015625,2026-10-07T14:48-04:00
9400.0,1685.7,1689.5,2.0,55.0,P,2026-12-18,7803.91015625,2026-10-07T14:48-04:00
9600.0,1878.2,1883.6,9.0,314.0,P,2026-12-18,7803.91015625,2026-10-07T14:48-04:00
9800.0,1916.5,1938.6,1.0,0.0,P,2026-12-18,7803.91015625,2026-10-07T14:48-04:00
10000.0,2121.2,2129.6,1.0,5471.0,P,2026-12-18,7803.91015625,2026-10-07T14:48-04:00
10200.0,2314.2,2334.4,160.0,112.0,P,2026-12-18,7803.91015625,2026-10-07T14:48-04:00
10400.0,2510.1,2532.4,1.0,3.0,P,2026-12-18,7803.91015625,2026-10-07T14:48-04:00
10600.0,2710.6,2731.8,2.0,14.0,P,2026-12-18,7803.91015625,2026-10-07T14:48-04:00
10800.0,2908.8,2930.4,2.0,7.0,P,2026-12-18,7803.91015625,2026-10-07T14:48-04:00
11000.0,3107.0,3127.2,20.0,305.0,P,2026-12-18,7803.91015625,2026-10-07T14:48-04:00
11200.0,3305.2,3326.5,8.0,24.0,P,2026-12-18,7803.91015625,2026-10-07T14:48-04:00
11400.0,3507.5,3531.5,4.0,0.0,P,2026-12-18,7803.91015625,2026-10-07T14:48-04:00
12000.0,4101.0,4113.5,2.0,3568.0,P,2026-12-18,7803.91015625,2026-10-07T14:48-04:00
12400.0,4494.6,4515.1,2.0,809.0,P,2026-12-18,7803.91015625,2026-10-07T14:48-04:00
12600.0,4690.3,4710.8,1.0,23.0,P,2026-12-18,7803.91015625,2026-10-07T14:48-04:00
12800.0,4891.0,4911.2,8.0,39.0,P,2026-12-18,7803.91015625,2026-10-07T14:48-04:00
13000.0,5089.3,5111.1,7.0,33.0,P,2026-12-18,7803.91015625,2026-10-07T14:48-04:00
13200.0,5287.5,5309.1,50.0,95.0,P,2026-12-18,7803.91015625,2026-10-07T14:48-04:00
13300.0,5386.6,5408.6,2.0,88.0,P,2026-12-18,7803.91015625,2026-10-07T14:48-04:00
13400.0,5485.7,5507.2,2.0,971.0,P,2026-12-18,7803.91015625,2026-10-07T14:48-04:00
5100.0,2679.3,2703.3,,0.0,C,2027-01-29,7803.91015625,2026-10-07T14:48-04:00
6375.0,1520.1,1542.2,1.0,0.0,C,2027-01-29,7803.91015625,2026-10-07T14:48-04:00
6400.0,1496.3,1517.8,1.0,1.0,C,2027-01-29,7803.91015625,2026-10-07T14:48-04:00
6425.0,1472.5,1494.5,1.0,2.0,C,2027-01-29,7803.91015625,2026-10-07T14:48-04:00
6475.0,1413.3,1434.1,1.0,0.0,C,2027-01-29,7803.91015625,2026-10-07T14:48-04:00
6500.0,1401.7,1422.5,2.0,1.0,C,2027-01-29,7803.91015625,2026-10-07T14:48-04:00
6525.0,1377.7,1399.7,,5.0,C,2027-01-29,7803.91015625,2026-10-07T14:48-04:00
6650.0,1259.9,1280.4,,1.0,C,2027-01-29,7803.91015625,2026-10-07T14:48-04:00
6800.0,1127.6,1133.3,,1.0,C,2027-01-29,7803.91015625,2026-10-07T14:48-04:00
6925.0,1012.7,1017.5,1.0,2.0,C,2027-01-29,7803.91015625,2026-10-07T14:48-04:00
6950.0,990.5,996.1,1.0,0.0,C,2027-01-29,7803.91015625,2026-10-07T14:48-04:00
6975.0,967.7,973.3,1.0,1.0,C,2027-01-29,7803.91015625,2026-10-07T14:48-04:00
7100.0,855.3,860.7,2.0,2.0,C,2027-01-29,7803.91015625,2026-10-07T14:48-04:00
7150.0,811.0,816.3,,1.0,C,2027-01-29,7803.91015625,2026-10-07T14:48-04:00
7175.0,789.0,794.2,,1.0,C,2027-01-29,7803.91015625,2026-10-07T14:48-04:00
7200.0,766.5,772.4,1.0,16.0,C,2027-01-29,7803.91015625,2026-10-07T14:48-04:00
7220.0,749.1,754.2,1.0,1.0,C,2027-01-29,7803.91015625,2026-10-07T14:48-04:00
7225.0,744.7,749.2,,3.0,C,2027-01-29,7803.91015625,2026-10-07T14:48-04:00
7230.0,739.8,745.2,2.0,3.0,C,2027-01-29,7803.91015625,2026-10-07T14:48-04:00
7250.0,722.5,727.8,1.0,11.0,C,2027-01-29,7803.91015625,2026-10-07T14:48-04:00
7270.0,705.9,710.9,,2.0,C,2027-01-29,7803.91015625,2026-10-07T14:48-04:00
7275.0,702.2,707.3,2.0,5.0,C,2027-01-29,7803.91015625,2026-10-07T14:48-04:00
7290.0,689.3,694.4,2.0,3.0,C,2027-01-29,7803.91015625,2026-10-07T14:48-04:00
7300.0,680.2,684.5,1.0,2.0,C,2027-01-29,7803.91015625,2026-10-07T14:48-04:00
7325.0,659.6,664.6,150.0,78.0,C,2027-01-29,7803.91015625,2026-10-07T14:48-04:00
7330.0,654.7,659.6,12.0,11.0,C,2027-01-29,7803.91015625,2026-10-07T14:48-04:00
7340.0,646.9,651.9,12.0,6.0,C,2027-01-29,7803.91015625,2026-10-07T14:48-04:00
7350.0,637.9,642.7,12.0,9.0,C,2027-01-29,7803.91015625,2026-10-07T14:48-04:00
7360.0,630.1,635.1,8.0,128.0,C,2027-01-29,7803.91015625,2026-10-07T14:48-04:00
7370.0,620.6,625.7,6.0,18.0,C,2027-01-29,7803.91015625,2026-10-07T14:48-04:00
7375.0,617.0,621.2,140.0,77.0,C,2027-01-29,7803.91015625,2026-10-07T14:48-04:00
7380.0,612.8,617.6,384.0,184.0,C,2027-01-29,7803.91015625,2026-10-07T14:48-04:00
7390.0,604.5,608.7,54.0,26.0,C,2027-01-29,7803.91015625,2026-10-07T14:48-04:00
7400.0,595.7,600.7,1.0,36.0,C,2027-01-29,7803.91015625,2026-10-07T14:48-04:00
7410.0,588.0,592.1,10.0,37.0,C,2027-01-29,7803.91015625,2026-10-07T14:48-04:00
7420.0,579.8,585.1,62.0,45.0,C,2027-01-29,7803.91015625,2026-10-07T14:48-04:00
7425.0,575.2,580.1,2.0,32.0,C,2027-01-29,7803.91015625,2026-10-07T14:48-04:00
7430.0,571.1,576.0,36.0,33.0,C,2027-01-29,7803.91015625,2026-10-07T14:48-04:00
7440.0,563.4,568.1,,206.0,C,2027-01-29,7803.91015625,2026-10-07T14:48-04:00
7450.0,555.3,559.4,2.0,8.0,C,2027-01-29,7803.91015625,2026-10-07T14:48-04:00
7460.0,547.8,552.4,10.0,9.0,C,2027-01-29,7803.91015625,2026-10-07T14:48-04:00
7470.0,539.1,543.2,1.0,29.0,C,2027-01-29,7803.91015625,2026-10-07T14:48-04:00
7475.0,534.7,539.4,4.0,3.0,C,2027-01-29,7803.91015625,2026-10-07T14:48-04:00
7480.0,531.7,536.8,1.0,2.0,C,2027-01-29,7803.91015625,2026-10-07T14:48-04:00
7490.0,523.1,527.1,5.0,6.0,C,2027-01-29,7803.91015625,2026-10-07T14:48-04:00
7500.0,515.2,519.2,2.0,36.0,C,2027-01-29,7803.91015625,2026-10-07T14:48-04:00
7510.0,507.8,512.4,2.0,1.0,C,2027-01-29,7803.91015625,2026-10-07T14:48-04:00
7520.0,490.1,510.2,,0.0,C,2027-01-29,7803.91015625,2026-10-07T14:48-04:00
7525.0,496.0,500.6,2.0,25.0,C,2027-01-29,7803.91015625,2026-10-07T14:48-04:00
7530.0,492.1,496.6,2.0,4.0,C,2027-01-29,7803.91015625,2026-10-07T14:48-04:00
7540.0,483.7,487.6,2.0,6.0,C,2027-01-29,7803.91015625,2026-10-07T14:48-04:00
7550.0,475.9,479.8,3.0,22.0,C,2027-01-29,7803.91015625,2026-10-07T14:48-04:00
7560.0,468.2,473.1,2.0,22.0,C,2027-01-29,7803.91015625,2026-10-07T14:48-04:00
7570.0,463.1,464.4,6.0,9.0,C,2027-01-29,7803.91015625,2026-10-07T14:48-04:00
7575.0,459.0,459.7,34.0,26.0,C,2027-01-29,7803.91015625,2026-10-07T14:48-04:00
7580.0,455.2,455.9,4.0,8.0,C,2027-01-29,7803.91015625,2026-10-07T14:48-04:00
7590.0,447.4,448.1,2.0,21.0,C,2027-01-29,7803.91015625,2026-10-07T14:48-04:00
7600.0,439.8,440.5,7.0,275.0,C,2027-01-29,7803.91015625,2026-10-07T14:48-04:00
7610.0,432.4,433.1,2.0,22.0,C,2027-01-29,7803.91015625,2026-10-07T14:48-04:00
7620.0,424.8,425.5,1.0,13.0,C,2027-01-29,7803.91015625,2026-10-07T14:48-04:00
7625.0,421.3,422.7,1.0,11.0,C,2027-01-29,7803.91015625,2026-10-07T14:48-04:00
7630.0,417.5,418.2,4.0,15.0,C,2027-01-29,7803.91015625,2026-10-07T14:48-04:00
7640.0,410.2,410.9,12.0,18.0,C,2027-01-29,7803.91015625,2026-10-07T14:48-04:00
7650.0,402.8,403.5,5.0,32.0,C,2027-01-29,7803.91015625,2026-10-07T14:48-04:00
7660.0,395.4,396.1,4.0,27.0,C,2027-01-29,7803.91015625,2026-10-07T14:48-04:00
7670.0,388.1,388.8,4.0,15.0,C,2027-01-29,7803.91015625,2026-10-07T14:48-04:00
7675.0,384.5,385.2,1.0,15.0,C,2027-01-29,7803.91015625,2026-10-07T14:48-04:00
7680.0,381.0,381.7,8.0,14.0,C,2027-01-29,7803.91015625,2026-10-07T14:48-04:00
7690.0,373.7,374.4,14.0,43.0,C,2027-01-29,7803.91015625,2026-10-07T14:48-04:00
7700.0,366.6,367.3,2.0,53.0,C,2027-01-29,7803.91015625,2026-10-07T14:48-04:00
7710.0,360.0,360.7,1.0,38.0,C,2027-01-29,7803.91015625,2026-10-07T14:48-04:00
7720.0,352.9,354.2,1.0,25.0,C,2027-01-29,7803.91015625,2026-10-07T14:48-04:00
7725.0,349.1,349.8,6.0,11.0,C,2027-01-29,7803.91015625,2026-10-07T14:48-04:00
7730.0,346.0,347.2,4.0,13.0,C,2027-01-29,7803.91015625,2026-10-07T14:48-04:00
7740.0,339.1,339.8,6.0,0.0,C,2027-01-29,7803.91015625,2026-10-07T14:48-04:00
7750.0,332.2,333.5,7.0,29.0,C,2027-01-29,7803.91015625,2026-10-07T14:48-04:00
7760.0,325.5,326.2,4.0,38.0,C,2027-01-29,7803.91015625,2026-10-07T14:48-04:00
7770.0,318.5,319.2,1.0,24.0,C,2027-01-29,7803.91015625,2026-10-07T14:48-04:00
7775.0,315.5,316.2,2.0,19.0,C,2027-01-29,7803.91015625,2026-10-07T14:48-04:00
7780.0,312.2,313.5,52.0,41.0,C,2027-01-29,7803.91015625,2026-10-07T14:48-04:00
7790.0,305.7,306.4,8.0,221.0,C,2027-01-29,7803.91015625,2026-10-07T14:48-04:00
7800.0,299.1,300.4,9.0,61.0,C,2027-01-29,7803.91015625,2026-10-07T14:48-04:00
7810.0,292.4,293.1,4.0,13.0,C,2027-01-29,7803.91015625,2026-10-07T14:48-04:00
7820.0,286.4,287.6,8.0,10.0,C,2027-01-29,7803.91015625,2026-10-07T14:48-04:00
7825.0,283.0,283.6,15.0,25.0,C,2027-01-29,7803.91015625,2026-10-07T14:48-04:00
7830.0,280.1,281.3,15.0,65.0,C,2027-01-29,7803.91015625,2026-10-07T14:48-04:00
7840.0,273.9,275.1,2.0,33.0,C,2027-01-29,7803.91015625,2026-10-07T14:48-04:00
7850.0,267.4,268.1,11.0,506.0,C,2027-01-29,7803.91015625,2026-10-07T14:48-04:00
7860.0,261.6,262.3,2.0,14.0,C,2027-01-29,7803.91015625,2026-10-07T14:48-04:00
7870.0,255.6,258.3,50.0,45.0,C,2027-01-29,7803.91015625,2026-10-07T14:48-04:00
7875.0,252.7,253.4,10.0,102.0,C,2027-01-29,7803.91015625,2026-10-07T14:48-04:00
7880.0,249.4,250.1,82.0,82.0,C,2027-01-29,7803.91015625,2026-10-07T14:48-04:00
7890.0,244.1,245.0,1.0,12.0,C,2027-01-29,7803.91015625,2026-10-07T14:48-04:00
7900.0,238.1,239.3,2.0,217.0,C,2027-01-29,7803.91015625,2026-10-07T14:48-04:00
7910.0,232.2,232.9,5.0,48.0,C,2027-01-29,7803.91015625,2026-10-07T14:48-04:00
7920.0,227.0,227.9,3.0,21.0,C,2027-01-29,7803.91015625,2026-10-07T14:48-04:00
7925.0,223.7,224.4,4.0,13.0,C,2027-01-29,7803.91015625,2026-10-07T14:48-04:00
7930.0,220.9,221.6,,11.0,C,2027-01-29,7803.91015625,2026-10-07T14:48-04:00
7940.0,215.7,216.4,237.0,238.0,C,2027-01-29,7803.91015625,2026-10-07T14:48-04:00
7950.0,210.2,210.9,13.0,32.0,C,2027-01-29,7803.91015625,2026-10-07T14:48-04:00
7960.0,204.8,205.5,10.0,24.0,C,2027-01-29,7803.91015625,2026-10-07T14:48-04:00
7970.0,199.7,200.4,12.0,14.0,C,2027-01-29,7803.91015625,2026-10-07T14:48-04:00
7975.0,197.2,197.8,9.0,33.0,C,2027-01-29,7803.91015625,2026-10-07T14:48-04:00
7980.0,194.6,195.3,10.0,10.0,C,2027-01-29,7803.91015625,2026-10-07T14:48-04:00
8000.0,184.8,185.7,2.0,129.0,C,2027-01-29,7803.91015625,2026-10-07T14:48-04:00
8025.0,172.7,173.6,1.0,64.0,C,2027-01-29,7803.91015625,2026-10-07T14:48-04:00
8050.0,160.8,161.4,13.0,149.0,C,2027-01-29,7803.91015625,2026-10-07T14:48-04:00
8075.0,149.8,150.4,68.0,100.0,C,2027-01-29,7803.91015625,2026-10-07T14:48-04:00
8100.0,139.2,139.9,2.0,77.0,C,2027-01-29,7803.91015625,2026-10-07T14:48-04:00
8125.0,129.4,130.0,4.0,113.0,C,2027-01-29,7803.91015625,2026-10-07T14:48-04:00
8150.0,119.8,120.4,2.0,126.0,C,2027-01-29,7803.91015625,2026-10-07T14:48-04:00
8175.0,111.1,111.7,2.0,118.0,C,2027-01-29,7803.91015625,2026-10-07T14:48-04:00
8200.0,102.5,103.1,11.0,142.0,C,2027-01-29,7803.91015625,2026-10-07T14:48-04:00
8225.0,94.5,95.1,6.0,76.0,C,2027-01-29,7803.91015625,2026-10-07T14:48-04:00
8250.0,87.2,88.0,4.0,141.0,C,2027-01-29,7803.91015625,2026-10-07T14:48-04:00
8275.0,80.2,80.8,6.0,87.0,C,2027-01-29,7803.91015625,2026-10-07T14:48-04:00
8300.0,73.6,74.1,2.0,192.0,C,2027-01-29,7803.91015625,2026-10-07T14:48-04:00
8325.0,67.5,68.1,1.0,112.0,C,2027-01-29,7803.91015625,2026-10-07T14:48-04:00
8350.0,61.8,62.6,22.0,117.0,C,2027-01-29,7803.91015625,2026-10-07T14:48-04:00
8375.0,56.6,57.1,3.0,94.0,C,2027-01-29,7803.91015625,2026-10-07T14:48-04:00
8400.0,51.7,52.2,144.0,239.0,C,2027-01-29,7803.91015625,2026-10-07T14:48-04:00
8425.0,47.0,47.6,2.0,203.0,C,2027-01-29,7803.91015625,2026-10-07T14:48-04:00
8450.0,43.0,43.6,2.0,92.0,C,2027-01-29,7803.91015625,2026-10-07T14:48-04:00
8475.0,39.0,39.5,8.0,90.0,C,2027-01-29,7803.91015625,2026-10-07T14:48-04:00
8500.0,35.4,35.8,10.0,133.0,C,2027-01-29,7803.91015625,2026-10-07T14:48-04:00
8550.0,29.0,29.5,2.0,50.0,C,2027-01-29,7803.91015625,2026-10-07T14:48-04:00
8600.0,23.7,24.1,4.0,148.0,C,2027-01-29,7803.91015625,2026-10-07T14:48-04:00
8650.0,19.4,19.8,2.0,484.0,C,2027-01-29,7803.91015625,2026-10-07T14:48-04:00
8700.0,15.8,16.2,1.0,47.0,C,2027-01-29,7803.91015625,2026-10-07T14:48-04:00
8800.0,10.3,10.7,10.0,94.0,C,2027-01-29,7803.91015625,2026-10-07T14:48-04:00
8900.0,7.0,7.3,1.0,29.0,C,2027-01-29,7803.91015625,2026-10-07T14:48-04:00
9000.0,4.8,5.0,153.0,240.0,C,2027-01-29,7803.91015625,2026-10-07T14:48-04:00
9100.0,3.3,3.6,2.0,21.0,C,2027-01-29,7803.91015625,2026-10-07T14:48-04:00
9200.0,2.4,2.6,1.0,73.0,C,2027-01-29,7803.91015625,2026-10-07T14:48-04:00
9400.0,1.35,1.55,2.0,296.0,C,2027-01-29,7803.91015625,2026-10-07T14:48-04:00
9600.0,0.8,1.0,6.0,5.0,C,2027-01-29,7803.91015625,2026-10-07T14:48-04:00
9800.0,0.5,0.75,22.0,25.0,C,2027-01-29,7803.91015625,2026-10-07T14:48-04:00
10000.0,0.35,0.5,10.0,232.0,C,2027-01-29,7803.91015625,2026-10-07T14:48-04:00
3000.0,1.45,1.6,1.0,20.0,P,2027-01-29,7803.91015625,2026-10-07T14:48-04:00
3200.0,1.75,1.9,6.0,25.0,P,2027-01-29,7803.91015625,2026-10-07T14:48-04:00
3400.0,2.15,2.3,4.0,34.0,P,2027-01-29,7803.91015625,2026-10-07T14:48-04:00
3600.0,2.6,2.8,815.0,838.0,P,2027-01-29,7803.91015625,2026-10-07T14:48-04:00
3800.0,3.1,3.4,17.0,24.0,P,2027-01-29,7803.91015625,2026-10-07T14:48-04:00
4000.0,3.8,4.0,815.0,819.0,P,2027-01-29,7803.91015625,2026-10-07T14:48-04:00
4200.0,4.5,4.7,17.0,67.0,P,2027-01-29,7803.91015625,2026-10-07T14:48-04:00
4400.0,5.4,5.5,27.0,143.0,P,2027-01-29,7803.91015625,2026-10-07T14:48-04:00
4500.0,5.8,6.0,6.0,13.0,P,2027-01-29,7803.91015625,2026-10-07T14:48-04:00
4600.0,6.3,6.5,50.0,68.0,P,2027-01-29,7803.91015625,2026-10-07T14:48-04:00
4700.0,6.9,7.1,36.0,81.0,P,2027-01-29,7803.91015625,2026-10-07T14:48-04:00
4800.0,7.5,7.7,48.0,88.0,P,2027-01-29,7803.91015625,2026-10-07T14:48-04:00
4900.0,8.1,8.3,6.0,37.0,P,2027-01-29,7803.91015625,2026-10-07T14:48-04:00
5000.0,8.8,9.0,2.0,91.0,P,2027-01-29,7803.91015625,2026-10-07T14:48-04:00
5100.0,9.6,9.8,4.0,60.0,P,2027-01-29,7803.91015625,2026-10-07T14:48-04:00
5200.0,10.4,10.6,6.0,141.0,P,2027-01-29,7803.91015625,2026-10-07T14:48-04:00
5300.0,11.3,11.5,59.0,196.0,P,2027-01-29,7803.91015625,2026-10-07T14:48-04:00
5400.0,12.3,12.5,80.0,231.0,P,2027-01-29,7803.91015625,2026-10-07T14:48-04:00
5500.0,13.4,13.6,21.0,233.0,P,2027-01-29,7803.91015625,2026-10-07T14:48-04:00
5600.0,14.6,14.8,8.0,77.0,P,2027-01-29,7803.91015625,2026-10-07T14:48-04:00
5650.0,15.2,15.5,2.0,89.0,P,2027-01-29,7803.91015625,2026-10-07T14:48-04:00
5700.0,15.9,16.2,6.0,115.0,P,2027-01-29,7803.91015625,2026-10-07T14:48-04:00
5750.0,16.6,16.9,2.0,83.0,P,2027-01-29,7803.91015625,2026-10-07T14:48-04:00
5800.0,17.4,17.7,2.0,254.0,P,2027-01-29,7803.91015625,2026-10-07T14:48-04:00
5850.0,18.2,18.5,2.0,166.0,P,2027-01-29,7803.91015625,2026-10-07T14:48-04:00
5900.0,19.1,19.4,4.0,126.0,P,2027-01-29,7803.91015625,2026-10-07T14:48-04:00
5950.0,20.0,20.3,51.0,85.0,P,2027-01-29,7803.91015625,2026-10-07T14:48-04:00
6000.0,20.9,21.3,48.0,165.0,P,2027-01-29,7803.91015625,2026-10-07T14:48-04:00
6050.0,21.9,22.3,51.0,50.0,P,2027-01-29,7803.91015625,2026-10-07T14:48-04:00
6100.0,23.0,23.3,16.0,57.0,P,2027-01-29,7803.91015625,2026-10-07T14:48-04:00
6125.0,23.5,23.9,3.0,25.0,P,2027-01-29,7803.91015625,2026-10-07T14:48-04:00
6150.0,24.2,24.5,7.0,16.0,P,2027-01-29,7803.91015625,2026-10-07T14:48-04:00
6175.0,24.8,25.1,40.0,45.0,P,2027-01-29,7803.91015625,2026-10-07T14:48-04:00
6200.0,25.4,25.7,10.0,54.0,P,2027-01-29,7803.91015625,2026-10-07T14:48-04:00
6225.0,26.1,26.4,1.0,21.0,P,2027-01-29,7803.91015625,2026-10-07T14:48-04:00
6250.0,26.7,27.1,4.0,9.0,P,2027-01-29,7803.91015625,2026-10-07T14:48-04:00
6275.0,27.3,27.8,10.0,19.0,P,2027-01-29,7803.91015625,2026-10-07T14:48-04:00
6300.0,28.1,28.5,14.0,2349.0,P,2027-01-29,7803.91015625,2026-10-07T14:48-04:00
6325.0,28.9,29.2,1.0,9.0,P,2027-01-29,7803.91015625,2026-10-07T14:48-04:00
6350.0,29.6,30.0,5.0,35.0,P,2027-01-29,7803.91015625,2026-10-07T14:48-04:00
6375.0,30.3,30.7,1.0,7.0,P,2027-01-29,7803.91015625,2026-10-07T14:48-04:00
6400.0,31.1,31.5,15.0,65.0,P,2027-01-29,7803.91015625,2026-10-07T14:48-04:00
6425.0,32.1,32.5,1.0,11.0,P,2027-01-29,7803.91015625,2026-10-07T14:48-04:00
6450.0,33.0,33.3,4.0,33.0,P,2027-01-29,7803.91015625,2026-10-07T14:48-04:00
6475.0,33.8,34.3,2.0,22.0,P,2027-01-29,7803.91015625,2026-10-07T14:48-04:00
6500.0,34.7,35.2,4.0,28.0,P,2027-01-29,7803.91015625,2026-10-07T14:48-04:00
6525.0,35.7,36.2,2.0,10.0,P,2027-01-29,7803.91015625,2026-10-07T14:48-04:00
6550.0,36.7,37.1,2.0,43.0,P,2027-01-29,7803.91015625,2026-10-07T14:48-04:00
6575.0,37.8,38.3,2.0,3.0,P,2027-01-29,7803.91015625,2026-10-07T14:48-04:00
6600.0,38.8,39.2,4.0,397.0,P,2027-01-29,7803.91015625,2026-10-07T14:48-04:00
6625.0,39.9,40.4,1.0,5.0,P,2027-01-29,7803.91015625,2026-10-07T14:48-04:00
6650.0,41.1,41.6,2.0,35.0,P,2027-01-29,7803.91015625,2026-10-07T14:48-04:00
6675.0,42.3,42.7,3.0,22.0,P,2027-01-29,7803.91015625,2026-10-07T14:48-04:00
6700.0,43.5,43.9,1.0,13.0,P,2027-01-29,7803.91015625,2026-10-07T14:48-04:00
6725.0,44.9,45.4,4.0,30.0,P,2027-01-29,7803.91015625,2026-10-07T14:48-04:00
6750.0,46.1,46.6,6.0,345.0,P,2027-01-29,7803.91015625,2026-10-07T14:48-04:00
6775.0,47.6,48.0,2.0,75.0,P,2027-01-29,7803.91015625,2026-10-07T14:48-04:00
6800.0,49.1,49.6,5.0,265.0,P,2027-01-29,7803.91015625,2026-10-07T14:48-04:00
6825.0,50.7,51.1,1.0,253.0,P,2027-01-29,7803.91015625,2026-10-07T14:48-04:00
6850.0,52.1,52.5,2.0,70.0,P,2027-01-29,7803.91015625,2026-10-07T14:48-04:00
6875.0,53.8,54.4,6.0,79.0,P,2027-01-29,7803.91015625,2026-10-07T14:48-04:00
6900.0,55.4,55.9,1.0,965.0,P,2027-01-29,7803.91015625,2026-10-07T14:48-04:00
6925.0,57.1,57.6,3.0,94.0,P,2027-01-29,7803.91015625,2026-10-07T14:48-04:00
6950.0,59.0,59.5,20.0,294.0,P,2027-01-29,7803.91015625,2026-10-07T14:48-04:00
6975.0,60.8,61.3,35.0,253.0,P,2027-01-29,7803.91015625,2026-10-07T14:48-04:00
7000.0,63.0,63.5,11.0,3066.0,P,2027-01-29,7803.91015625,2026-10-07T14:48-04:00
7025.0,64.9,65.3,2.0,210.0,P,2027-01-29,7803.91015625,2026-10-07T14:48-04:00
7050.0,67.1,67.6,1.0,176.0,P,2027-01-29,7803.91015625,2026-10-07T14:48-04:00
7075.0,69.3,69.8,4.0,54.0,P,2027-01-29,7803.91015625,2026-10-07T14:48-04:00
7100.0,71.5,72.0,1.0,2112.0,P,2027-01-29,7803.91015625,2026-10-07T14:48-04:00
7125.0,74.1,74.6,3.0,101.0,P,2027-01-29,7803.91015625,2026-10-07T14:48-04:00
7150.0,76.4,76.9,3.0,74.0,P,2027-01-29,7803.91015625,2026-10-07T14:48-04:00
7160.0,77.5,78.0,2.0,71.0,P,2027-01-29,7803.91015625,2026-10-07T14:48-04:00
7170.0,78.6,79.1,5.0,19.0,P,2027-01-29,7803.91015625,2026-10-07T14:48-04:00
7175.0,79.0,79.5,2.0,116.0,P,2027-01-29,7803.91015625,2026-10-07T14:48-04:00
7180.0,79.5,80.1,6.0,47.0,P,2027-01-29,7803.91015625,2026-10-07T14:48-04:00
7190.0,80.5,81.1,4.0,42.0,P,2027-01-29,7803.91015625,2026-10-07T14:48-04:00
7200.0,81.8,82.3,1.0,327.0,P,2027-01-29,7803.91015625,2026-10-07T14:48-04:00
7210.0,82.8,83.3,3.0,36.0,P,2027-01-29,7803.91015625,2026-10-07T14:48-04:00
7220.0,84.0,84.6,2.0,29.0,P,2027-01-29,7803.91015625,2026-10-07T14:48-04:00
7225.0,84.5,85.1,1.0,64.0,P,2027-01-29,7803.91015625,2026-10-07T14:48-04:00
7230.0,85.1,85.7,3.0,12.0,P,2027-01-29,7803.91015625,2026-10-07T14:48-04:00
7240.0,86.3,86.9,1.0,380.0,P,2027-01-29,7803.91015625,2026-10-07T14:48-04:00
7250.0,87.5,88.1,13.0,212.0,P,2027-01-29,7803.91015625,2026-10-07T14:48-04:00
7260.0,88.7,89.2,2.0,172.0,P,2027-01-29,7803.91015625,2026-10-07T14:48-04:00
7270.0,89.8,90.3,14.0,52.0,P,2027-01-29,7803.91015625,2026-10-07T14:48-04:00
7275.0,90.6,91.2,5.0,35.0,P,2027-01-29,7803.91015625,2026-10-07T14:48-04:00
7280.0,91.0,91.7,1.0,81.0,P,2027-01-29,7803.91015625,2026-10-07T14:48-04:00
7290.0,92.5,93.0,2.0,51.0,P,2027-01-29,7803.91015625,2026-10-07T14:48-04:00
7300.0,93.8,94.4,12.0,2371.0,P,2027-01-29,7803.91015625,2026-10-07T14:48-04:00
7310.0,95.2,95.7,2.0,7.0,P,2027-01-29,7803.91015625,2026-10-07T14:48-04:00
7320.0,96.5,97.1,2.0,25.0,P,2027-01-29,7803.91015625,2026-10-07T14:48-04:00
7325.0,97.2,97.8,2.0,96.0,P,2027-01-29,7803.91015625,2026-10-07T14:48-04:00
7330.0,97.9,98.5,1.0,17.0,P,2027-01-29,7803.91015625,2026-10-07T14:48-04:00
7340.0,99.3,99.8,10.0,26.0,P,2027-01-29,7803.91015625,2026-10-07T14:48-04:00
7350.0,100.7,101.3,5.0,86.0,P,2027-01-29,7803.91015625,2026-10-07T14:48-04:00
7360.0,102.2,102.7,20.0,13.0,P,2027-01-29,7803.91015625,2026-10-07T14:48-04:00
7370.0,103.6,104.2,12.0,72.0,P,2027-01-29,7803.91015625,2026-10-07T14:48-04:00
7375.0,104.2,104.8,4.0,72.0,P,2027-01-29,7803.91015625,2026-10-07T14:48-04:00
7380.0,105.1,105.6,22.0,60.0,P,2027-01-29,7803.91015625,2026-10-07T14:48-04:00
7390.0,106.6,107.2,2.0,296.0,P,2027-01-29,7803.91015625,2026-10-07T14:48-04:00
7400.0,108.0,108.7,1.0,185.0,P,2027-01-29,7803.91015625,2026-10-07T14:48-04:00
7410.0,109.9,110.4,2.0,121.0,P,2027-01-29,7803.91015625,2026-10-07T14:48-04:00
7420.0,111.5,112.0,4.0,30.0,P,2027-01-29,7803.91015625,2026-10-07T14:48-04:00
7425.0,112.0,112.7,1.0,312.0,P,2027-01-29,7803.91015625,2026-10-07T14:48-04:00
7430.0,113.0,113.6,22.0,22.0,P,2027-01-29,7803.91015625,2026-10-07T14:48-04:00
7440.0,114.7,115.3,2.0,29.0,P,2027-01-29,7803.91015625,2026-10-07T14:48-04:00
7450.0,116.6,117.1,17.0,118.0,P,2027-01-29,7803.91015625,2026-10-07T14:48-04:00
7460.0,118.3,118.8,2.0,6.0,P,2027-01-29,7803.91015625,2026-10-07T14:48-04:00
7470.0,120.1,120.6,20.0,22.0,P,2027-01-29,7803.91015625,2026-10-07T14:48-04:00
7475.0,120.7,121.3,5.0,111.0,P,2027-01-29,7803.91015625,2026-10-07T14:48-04:00
7480.0,121.9,122.5,10.0,43.0,P,2027-01-29,7803.91015625,2026-10-07T14:48-04:00
7490.0,123.7,124.2,24.0,40.0,P,2027-01-29,7803.91015625,2026-10-07T14:48-04:00
7500.0,125.7,127.2,12.0,938.0,P,2027-01-29,7803.91015625,2026-10-07T14:48-04:00
7520.0,129.5,130.1,4.0,22.0,P,2027-01-29,7803.91015625,2026-10-07T14:48-04:00
7525.0,130.4,131.0,1.0,32.0,P,2027-01-29,7803.91015625,2026-10-07T14:48-04:00
7530.0,131.2,131.9,4.0,29.0,P,2027-01-29,7803.91015625,2026-10-07T14:48-04:00
7540.0,133.4,133.9,4.0,16.0,P,2027-01-29,7803.91015625,2026-10-07T14:48-04:00
7550.0,135.3,136.0,4.0,225.0,P,2027-01-29,7803.91015625,2026-10-07T14:48-04:00
7560.0,137.6,138.1,2.0,28.0,P,2027-01-29,7803.91015625,2026-10-07T14:48-04:00
7570.0,139.9,140.4,4.0,34.0,P,2027-01-29,7803.91015625,2026-10-07T14:48-04:00
7575.0,140.9,141.5,4.0,54.0,P,2027-01-29,7803.91015625,2026-10-07T14:48-04:00
7580.0,142.0,142.5,4.0,49.0,P,2027-01-29,7803.91015625,2026-10-07T14:48-04:00
7590.0,143.9,144.6,5.0,20.0,P,2027-01-29,7803.91015625,2026-10-07T14:48-04:00
7600.0,146.6,147.1,14.0,575.0,P,2027-01-29,7803.91015625,2026-10-07T14:48-04:00
7610.0,148.5,149.2,1.0,49.0,P,2027-01-29,7803.91015625,2026-10-07T14:48-04:00
7620.0,151.1,151.6,10.0,27.0,P,2027-01-29,7803.91015625,2026-10-07T14:48-04:00
7625.0,152.4,153.0,3.0,42.0,P,2027-01-29,7803.91015625,2026-10-07T14:48-04:00
7630.0,153.3,154.0,5.0,31.0,P,2027-01-29,7803.91015625,2026-10-07T14:48-04:00
7640.0,156.0,156.6,1.0,59.0,P,2027-01-29,7803.91015625,2026-10-07T14:48-04:00
7650.0,158.5,159.1,3.0,118.0,P,2027-01-29,7803.91015625,2026-10-07T14:48-04:00
7660.0,161.2,161.8,2.0,29.0,P,2027-01-29,7803.91015625,2026-10-07T14:48-04:00
7670.0,163.8,164.4,8.0,45.0,P,2027-01-29,7803.91015625,2026-10-07T14:48-04:00
7675.0,165.1,165.7,4.0,107.0,P,2027-01-29,7803.91015625,2026-10-07T14:48-04:00
7680.0,166.4,167.0,13.0,141.0,P,2027-01-29,7803.91015625,2026-10-07T14:48-04:00
7690.0,169.1,169.7,10.0,187.0,P,2027-01-29,7803.91015625,2026-10-07T14:48-04:00
7700.0,171.9,172.5,5.0,364.0,P,2027-01-29,7803.91015625,2026-10-07T14:48-04:00
7710.0,174.3,175.1,1.0,93.0,P,2027-01-29,7803.91015625,2026-10-07T14:48-04:00
7720.0,177.5,178.1,1.0,56.0,P,2027-01-29,7803.91015625,2026-10-07T14:48-04:00
7725.0,179.0,179.7,3.0,218.0,P,2027-01-29,7803.91015625,2026-10-07T14:48-04:00
7730.0,180.0,180.9,15.0,36.0,P,2027-01-29,7803.91015625,2026-10-07T14:48-04:00
7740.0,183.4,184.0,13.0,44.0,P,2027-01-29,7803.91015625,2026-10-07T14:48-04:00
7750.0,186.4,187.0,33.0,378.0,P,2027-01-29,7803.91015625,2026-10-07T14:48-04:00
7760.0,189.6,190.2,2.0,47.0,P,2027-01-29,7803.91015625,2026-10-07T14:48-04:00
7770.0,192.7,193.3,1.0,40.0,P,2027-01-29,7803.91015625,2026-10-07T14:48-04:00
7775.0,194.3,194.9,1.0,77.0,P,2027-01-29,7803.91015625,2026-10-07T14:48-04:00
7780.0,196.0,196.6,4.0,11.0,P,2027-01-29,7803.91015625,2026-10-07T14:48-04:00
7790.0,199.3,200.0,2.0,33.0,P,2027-01-29,7803.91015625,2026-10-07T14:48-04:00
7800.0,202.2,203.1,4.0,513.0,P,2027-01-29,7803.91015625,2026-10-07T14:48-04:00
7810.0,206.0,206.6,5.0,29.0,P,2027-01-29,7803.91015625,2026-10-07T14:48-04:00
7820.0,209.6,210.2,15.0,28.0,P,2027-01-29,7803.91015625,2026-10-07T14:48-04:00
7825.0,211.2,211.9,2.0,57.0,P,2027-01-29,7803.91015625,2026-10-07T14:48-04:00
7830.0,213.0,213.7,,2.0,P,2027-01-29,7803.91015625,2026-10-07T14:48-04:00
7840.0,234.3,235.3,4.0,0.0,P,2027-01-29,7803.91015625,2026-10-07T14:48-04:00
7850.0,220.0,220.9,1.0,132.0,P,2027-01-29,7803.91015625,2026-10-07T14:48-04:00
7860.0,224.3,225.0,14.0,14.0,P,2027-01-29,7803.91015625,2026-10-07T14:48-04:00
7870.0,228.0,228.6,1.0,21.0,P,2027-01-29,7803.91015625,2026-10-07T14:48-04:00
7875.0,230.1,230.8,20.0,80.0,P,2027-01-29,7803.91015625,2026-10-07T14:48-04:00
7880.0,232.1,232.7,,,P,2027-01-29,7803.91015625,2026-10-07T14:48-04:00
7890.0,236.1,236.7,1.0,1.0,P,2027-01-29,7803.91015625,2026-10-07T14:48-04:00
7900.0,240.2,240.8,4.0,159.0,P,2027-01-29,7803.91015625,2026-10-07T14:48-04:00
7910.0,244.3,245.0,6.0,16.0,P,2027-01-29,7803.91015625,2026-10-07T14:48-04:00
7920.0,248.3,249.0,,9.0,P,2027-01-29,7803.91015625,2026-10-07T14:48-04:00
7925.0,250.6,251.3,4.0,26.0,P,2027-01-29,7803.91015625,2026-10-07T14:48-04:00
7930.0,271.4,272.5,8.0,0.0,P,2027-01-29,7803.91015625,2026-10-07T14:48-04:00
7940.0,275.9,277.0,8.0,0.0,P,2027-01-29,7803.91015625,2026-10-07T14:48-04:00
7950.0,261.5,262.2,1.0,45.0,P,2027-01-29,7803.91015625,2026-10-07T14:48-04:00
7960.0,265.6,266.6,3.0,54.0,P,2027-01-29,7803.91015625,2026-10-07T14:48-04:00
7975.0,273.3,273.9,1.0,9.0,P,2027-01-29,7803.91015625,2026-10-07T14:48-04:00
8000.0,285.2,285.8,1.0,226.0,P,2027-01-29,7803.91015625,2026-10-07T14:48-04:00
8025.0,297.8,298.5,24.0,17.0,P,2027-01-29,7803.91015625,2026-10-07T14:48-04:00
8050.0,310.8,311.5,16.0,15.0,P,2027-01-29,7803.91015625,2026-10-07T14:48-04:00
8075.0,324.3,325.0,2.0,21.0,P,2027-01-29,7803.91015625,2026-10-07T14:48-04:00
8100.0,338.7,339.3,3.0,66.0,P,2027-01-29,7803.91015625,2026-10-07T14:48-04:00
8125.0,352.5,353.7,3.0,7.0,P,2027-01-29,7803.91015625,2026-10-07T14:48-04:00
8150.0,368.2,368.9,3.0,10.0,P,2027-01-29,7803.91015625,2026-10-07T14:48-04:00
8175.0,384.2,384.8,5.0,10.0,P,2027-01-29,7803.91015625,2026-10-07T14:48-04:00
8200.0,400.4,401.0,1.0,5.0,P,2027-01-29,7803.91015625,2026-10-07T14:48-04:00
8225.0,414.8,419.8,86.0,4.0,P,2027-01-29,7803.91015625,2026-10-07T14:48-04:00
8250.0,432.3,437.4,2.0,43.0,P,2027-01-29,7803.91015625,2026-10-07T14:48-04:00
8275.0,464.4,484.9,10.0,0.0,P,2027-01-29,7803.91015625,2026-10-07T14:48-04:00
8300.0,468.0,472.8,2.0,16.0,P,2027-01-29,7803.91015625,2026-10-07T14:48-04:00
8375.0,525.4,531.2,1.0,0.0,P,2027-01-29,7803.91015625,2026-10-07T14:48-04:00
8425.0,578.4,599.3,,0.0,P,2027-01-29,7803.91015625,2026-10-07T14:48-04:00
8550.0,682.5,703.7,,0.0,P,2027-01-29,7803.91015625,2026-10-07T14:48-04:00
8600.0,725.9,747.1,,0.0,P,2027-01-29,7803.91015625,2026-10-07T14:48-04:00
8700.0,815.4,836.7,,0.0,P,2027-01-29,7803.91015625,2026-10-07T14:48-04:00
3000.0,4827.4,4847.9,1.0,1.0,C,2027-03-31,7803.91015625,2026-10-07T14:48-04:00
3400.0,0.0,0.0,,0.0,C,2027-03-31,7803.91015625,2026-10-07T14:48-04:00
3500.0,4340.6,4360.9,,1.0,C,2027-03-31,7803.91015625,2026-10-07T14:48-04:00
3600.0,4243.3,4263.6,,2.0,C,2027-03-31,7803.91015625,2026-10-07T14:48-04:00
4200.0,0.0,0.0,1.0,0.0,C,2027-03-31,7803.91015625,2026-10-07T14:48-04:00
4500.0,0.0,0.0,,0.0,C,2027-03-31,7803.91015625,2026-10-07T14:48-04:00
4900.0,2982.3,3002.7,1.0,2.0,C,2027-03-31,7803.91015625,2026-10-07T14:48-04:00
4950.0,2855.4,2879.4,,0.0,C,2027-03-31,7803.91015625,2026-10-07T14:48-04:00
5000.0,0.0,0.0,1.0,0.0,C,2027-03-31,7803.91015625,2026-10-07T14:48-04:00
5200.0,0.0,0.0,1.0,0.0,C,2027-03-31,7803.91015625,2026-10-07T14:48-04:00
5300.0,2597.0,2617.3,,1.0,C,2027-03-31,7803.91015625,2026-10-07T14:48-04:00
5400.0,2501.0,2521.3,1.0,83.0,C,2027-03-31,7803.91015625,2026-10-07T14:48-04:00
5500.0,2404.8,2426.3,1.0,6.0,C,2027-03-31,7803.91015625,2026-10-07T14:48-04:00
5600.0,0.0,0.0,1.0,0.0,C,2027-03-31,7803.91015625,2026-10-07T14:48-04:00
5610.0,1995.0,2019.0,,1.0,C,2027-03-31,7803.91015625,2026-10-07T14:48-04:00
5615.0,2279.9,2301.0,1.0,0.0,C,2027-03-31,7803.91015625,2026-10-07T14:48-04:00
5620.0,2275.1,2296.3,,0.0,C,2027-03-31,7803.91015625,2026-10-07T14:48-04:00
5750.0,0.0,0.0,1.0,0.0,C,2027-03-31,7803.91015625,2026-10-07T14:48-04:00
5765.0,2152.0,2172.5,,1.0,C,2027-03-31,7803.91015625,2026-10-07T14:48-04:00
5800.0,0.0,0.0,10.0,0.0,C,2027-03-31,7803.91015625,2026-10-07T14:48-04:00
5900.0,2009.8,2030.8,2.0,0.0,C,2027-03-31,7803.91015625,2026-10-07T14:48-04:00
6000.0,1929.2,1950.9,1.0,91.0,C,2027-03-31,7803.91015625,2026-10-07T14:48-04:00
6225.0,0.0,0.0,,0.0,C,2027-03-31,7803.91015625,2026-10-07T14:48-04:00
6250.0,1694.7,1716.0,5.0,10.0,C,2027-03-31,7803.91015625,2026-10-07T14:48-04:00
6275.0,0.0,0.0,,0.0,C,2027-03-31,7803.91015625,2026-10-07T14:48-04:00
6280.0,1456.6,1465.5,,0.0,C,2027-03-31,7803.91015625,2026-10-07T14:48-04:00
6300.0,1648.2,1669.9,1.0,3.0,C,2027-03-31,7803.91015625,2026-10-07T14:48-04:00
6330.0,1413.8,1423.1,1.0,0.0,C,2027-03-31,7803.91015625,2026-10-07T14:48-04:00
6345.0,1346.1,1370.1,3.0,1.0,C,2027-03-31,7803.91015625,2026-10-07T14:48-04:00
6350.0,0.0,0.0,55.0,0.0,C,2027-03-31,7803.91015625,2026-10-07T14:48-04:00
6375.0,1320.6,1344.6,3.0,3.0,C,2027-03-31,7803.91015625,2026-10-07T14:48-04:00
6400.0,1555.5,1577.4,1.0,7.0,C,2027-03-31,7803.91015625,2026-10-07T14:48-04:00
6405.0,0.0,0.0,,0.0,C,2027-03-31,7803.91015625,2026-10-07T14:48-04:00
6425.0,1324.4,1332.7,2.0,85.0,C,2027-03-31,7803.91015625,2026-10-07T14:48-04:00
6435.0,1523.2,1544.4,1.0,0.0,C,2027-03-31,7803.91015625,2026-10-07T14:48-04:00
6450.0,1303.9,1312.2,1.0,141.0,C,2027-03-31,7803.91015625,2026-10-07T14:48-04:00
6460.0,0.0,0.0,1.0,0.0,C,2027-03-31,7803.91015625,2026-10-07T14:48-04:00
6475.0,1236.4,1260.4,93.0,94.0,C,2027-03-31,7803.91015625,2026-10-07T14:48-04:00
6500.0,1471.4,1477.5,1.0,116.0,C,2027-03-31,7803.91015625,2026-10-07T14:48-04:00
6510.0,0.0,0.0,,0.0,C,2027-03-31,7803.91015625,2026-10-07T14:48-04:00
6515.0,0.0,0.0,,0.0,C,2027-03-31,7803.91015625,2026-10-07T14:48-04:00
6520.0,0.0,0.0,,0.0,C,2027-03-31,7803.91015625,2026-10-07T14:48-04:00
6525.0,1242.8,1251.0,10.0,10.0,C,2027-03-31,7803.91015625,2026-10-07T14:48-04:00
6530.0,0.0,0.0,3.0,0.0,C,2027-03-31,7803.91015625,2026-10-07T14:48-04:00
6550.0,1233.7,1241.7,1.0,0.0,C,2027-03-31,7803.91015625,2026-10-07T14:48-04:00
6560.0,0.0,0.0,,0.0,C,2027-03-31,7803.91015625,2026-10-07T14:48-04:00
6570.0,0.0,0.0,,0.0,C,2027-03-31,7803.91015625,2026-10-07T14:48-04:00
6575.0,1402.1,1408.1,1.0,484.0,C,2027-03-31,7803.91015625,2026-10-07T14:48-04:00
6580.0,0.0,0.0,,0.0,C,2027-03-31,7803.91015625,2026-10-07T14:48-04:00
6585.0,1393.8,1399.7,1.0,27.0,C,2027-03-31,7803.91015625,2026-10-07T14:48-04:00
6590.0,1196.5,1207.3,1.0,2.0,C,2027-03-31,7803.91015625,2026-10-07T14:48-04:00
6600.0,1380.1,1386.0,1.0,191.0,C,2027-03-31,7803.91015625,2026-10-07T14:48-04:00
6605.0,1184.2,1197.0,1.0,3.0,C,2027-03-31,7803.91015625,2026-10-07T14:48-04:00
6610.0,0.0,0.0,3.0,0.0,C,2027-03-31,7803.91015625,2026-10-07T14:48-04:00
6615.0,0.0,0.0,3.0,0.0,C,2027-03-31,7803.91015625,2026-10-07T14:48-04:00
6620.0,1172.8,1184.7,,1.0,C,2027-03-31,7803.91015625,2026-10-07T14:48-04:00
6625.0,0.0,0.0,75.0,63.0,C,2027-03-31,7803.91015625,2026-10-07T14:48-04:00
6650.0,1334.0,1339.1,1.0,12.0,C,2027-03-31,7803.91015625,2026-10-07T14:48-04:00
6675.0,0.0,0.0,,0.0,C,2027-03-31,7803.91015625,2026-10-07T14:48-04:00
6685.0,0.0,0.0,,0.0,C,2027-03-31,7803.91015625,2026-10-07T14:48-04:00
6690.0,1297.9,1302.9,1.0,6.0,C,2027-03-31,7803.91015625,2026-10-07T14:48-04:00
6695.0,1114.2,1126.2,,6.0,C,2027-03-31,7803.91015625,2026-10-07T14:48-04:00
6700.0,1289.6,1295.4,1.0,32.0,C,2027-03-31,7803.91015625,2026-10-07T14:48-04:00
6710.0,0.0,0.0,164.0,0.0,C,2027-03-31,7803.91015625,2026-10-07T14:48-04:00
6735.0,1082.4,1095.0,,6.0,C,2027-03-31,7803.91015625,2026-10-07T14:48-04:00
6750.0,1244.5,1250.4,4.0,126.0,C,2027-03-31,7803.91015625,2026-10-07T14:48-04:00
6760.0,0.0,0.0,2.0,0.0,C,2027-03-31,7803.91015625,2026-10-07T14:48-04:00
6780.0,0.0,0.0,,0.0,C,2027-03-31,7803.91015625,2026-10-07T14:48-04:00
6785.0,0.0,0.0,8.0,0.0,C,2027-03-31,7803.91015625,2026-10-07T14:48-04:00
6795.0,0.0,0.0,,0.0,C,2027-03-31,7803.91015625,2026-10-07T14:48-04:00
6800.0,1199.8,1205.6,1.0,32.0,C,2027-03-31,7803.91015625,2026-10-07T14:48-04:00
6805.0,0.0,0.0,,1.0,C,2027-03-31,7803.91015625,2026-10-07T14:48-04:00
6810.0,0.0,0.0,,1.0,C,2027-03-31,7803.91015625,2026-10-07T14:48-04:00
6815.0,1186.4,1192.2,,1.0,C,2027-03-31,7803.91015625,2026-10-07T14:48-04:00
6820.0,1017.6,1028.0,6.0,13.0,C,2027-03-31,7803.91015625,2026-10-07T14:48-04:00
6825.0,1175.9,1182.3,1.0,136.0,C,2027-03-31,7803.91015625,2026-10-07T14:48-04:00
6830.0,1113.7,1134.9,16.0,59.0,C,2027-03-31,7803.91015625,2026-10-07T14:48-04:00
6845.0,1143.0,1163.9,1.0,0.0,C,2027-03-31,7803.91015625,2026-10-07T14:48-04:00
6850.0,931.5,955.5,2.0,52.0,C,2027-03-31,7803.91015625,2026-10-07T14:48-04:00
6855.0,973.4,984.4,,5.0,C,2027-03-31,7803.91015625,2026-10-07T14:48-04:00
6860.0,1087.9,1109.0,,1.0,C,2027-03-31,7803.91015625,2026-10-07T14:48-04:00
6865.0,0.0,0.0,,6.0,C,2027-03-31,7803.91015625,2026-10-07T14:48-04:00
6870.0,0.0,0.0,2.0,0.0,C,2027-03-31,7803.91015625,2026-10-07T14:48-04:00
6875.0,975.9,987.3,,110.0,C,2027-03-31,7803.91015625,2026-10-07T14:48-04:00
6880.0,1128.2,1134.5,3.0,23.0,C,2027-03-31,7803.91015625,2026-10-07T14:48-04:00
6890.0,1062.2,1083.1,2.0,11.0,C,2027-03-31,7803.91015625,2026-10-07T14:48-04:00
6900.0,1110.6,1115.5,3.0,279.0,C,2027-03-31,7803.91015625,2026-10-07T14:48-04:00
6905.0,935.7,947.6,,6.0,C,2027-03-31,7803.91015625,2026-10-07T14:48-04:00
6910.0,0.0,0.0,2.0,0.0,C,2027-03-31,7803.91015625,2026-10-07T14:48-04:00
6915.0,0.0,0.0,,6.0,C,2027-03-31,7803.91015625,2026-10-07T14:48-04:00
6920.0,0.0,0.0,,0.0,C,2027-03-31,7803.91015625,2026-10-07T14:48-04:00
6925.0,938.5,948.7,6.0,50.0,C,2027-03-31,7803.91015625,2026-10-07T14:48-04:00
6930.0,0.0,0.0,2.0,0.0,C,2027-03-31,7803.91015625,2026-10-07T14:48-04:00
6935.0,921.6,929.0,6.0,270.0,C,2027-03-31,7803.91015625,2026-10-07T14:48-04:00
6940.0,1019.6,1040.3,2.0,6.0,C,2027-03-31,7803.91015625,2026-10-07T14:48-04:00
6950.0,1011.1,1031.8,,2.0,C,2027-03-31,7803.91015625,2026-10-07T14:48-04:00
6955.0,0.0,0.0,3.0,0.0,C,2027-03-31,7803.91015625,2026-10-07T14:48-04:00
6960.0,1002.7,1023.3,2.0,12.0,C,2027-03-31,7803.91015625,2026-10-07T14:48-04:00
6965.0,0.0,0.0,3.0,0.0,C,2027-03-31,7803.91015625,2026-10-07T14:48-04:00
6970.0,1049.3,1054.1,1.0,35.0,C,2027-03-31,7803.91015625,2026-10-07T14:48-04:00
6975.0,990.0,1010.6,4.0,43.0,C,2027-03-31,7803.91015625,2026-10-07T14:48-04:00
6980.0,1040.6,1046.0,1.0,4.0,C,2027-03-31,7803.91015625,2026-10-07T14:48-04:00
6985.0,0.0,0.0,2.0,0.0,C,2027-03-31,7803.91015625,2026-10-07T14:48-04:00
6990.0,823.1,847.1,2.0,2.0,C,2027-03-31,7803.91015625,2026-10-07T14:48-04:00
7000.0,1023.2,1028.6,20.0,290.0,C,2027-03-31,7803.91015625,2026-10-07T14:48-04:00
7005.0,1017.9,1024.0,,2.0,C,2027-03-31,7803.91015625,2026-10-07T14:48-04:00
7010.0,0.0,0.0,4.0,0.0,C,2027-03-31,7803.91015625,2026-10-07T14:48-04:00
7015.0,1010.2,1015.6,2.0,3.0,C,2027-03-31,7803.91015625,2026-10-07T14:48-04:00
7020.0,952.2,972.7,2.0,27.0,C,2027-03-31,7803.91015625,2026-10-07T14:48-04:00
7025.0,1001.6,1006.3,1.0,135.0,C,2027-03-31,7803.91015625,2026-10-07T14:48-04:00
7030.0,943.9,964.3,2.0,29.0,C,2027-03-31,7803.91015625,2026-10-07T14:48-04:00
7040.0,0.0,0.0,2.0,0.0,C,2027-03-31,7803.91015625,2026-10-07T14:48-04:00
7050.0,927.2,947.5,6.0,170.0,C,2027-03-31,7803.91015625,2026-10-07T14:48-04:00
7060.0,918.9,939.2,2.0,5.0,C,2027-03-31,7803.91015625,2026-10-07T14:48-04:00
7070.0,910.6,930.9,2.0,6.0,C,2027-03-31,7803.91015625,2026-10-07T14:48-04:00
7080.0,954.3,960.3,2.0,37.0,C,2027-03-31,7803.91015625,2026-10-07T14:48-04:00
7090.0,946.3,951.7,2.0,10.0,C,2027-03-31,7803.91015625,2026-10-07T14:48-04:00
7100.0,937.8,943.2,4.0,103.0,C,2027-03-31,7803.91015625,2026-10-07T14:48-04:00
7110.0,927.7,933.7,1.0,35.0,C,2027-03-31,7803.91015625,2026-10-07T14:48-04:00
7120.0,919.2,925.1,2.0,11.0,C,2027-03-31,7803.91015625,2026-10-07T14:48-04:00
7130.0,911.6,917.6,4.0,21.0,C,2027-03-31,7803.91015625,2026-10-07T14:48-04:00
7140.0,903.2,908.4,2.0,3.0,C,2027-03-31,7803.91015625,2026-10-07T14:48-04:00
7150.0,895.3,900.6,2.0,96.0,C,2027-03-31,7803.91015625,2026-10-07T14:48-04:00
7160.0,836.8,856.8,2.0,9.0,C,2027-03-31,7803.91015625,2026-10-07T14:48-04:00
7170.0,877.0,882.8,2.0,94.0,C,2027-03-31,7803.91015625,2026-10-07T14:48-04:00
7180.0,869.5,874.6,2.0,15.0,C,2027-03-31,7803.91015625,2026-10-07T14:48-04:00
7190.0,860.2,866.2,2.0,123.0,C,2027-03-31,7803.91015625,2026-10-07T14:48-04:00
7200.0,852.7,857.9,1.0,242.0,C,2027-03-31,7803.91015625,2026-10-07T14:48-04:00
7210.0,844.4,849.5,2.0,17.0,C,2027-03-31,7803.91015625,2026-10-07T14:48-04:00
7220.0,836.0,841.8,2.0,5.0,C,2027-03-31,7803.91015625,2026-10-07T14:48-04:00
7230.0,827.7,832.8,2.0,9.0,C,2027-03-31,7803.91015625,2026-10-07T14:48-04:00
7240.0,819.4,825.2,2.0,14.0,C,2027-03-31,7803.91015625,2026-10-07T14:48-04:00
7250.0,811.2,816.9,1.0,99.0,C,2027-03-31,7803.91015625,2026-10-07T14:48-04:00
7260.0,802.9,807.3,2.0,10.0,C,2027-03-31,7803.91015625,2026-10-07T14:48-04:00
7270.0,794.7,799.1,2.0,7.0,C,2027-03-31,7803.91015625,2026-10-07T14:48-04:00
7280.0,786.5,790.8,2.0,16.0,C,2027-03-31,7803.91015625,2026-10-07T14:48-04:00
7290.0,778.3,783.3,2.0,7.0,C,2027-03-31,7803.91015625,2026-10-07T14:48-04:00
7300.0,769.2,774.8,1.0,78.0,C,2027-03-31,7803.91015625,2026-10-07T14:48-04:00
7305.0,766.0,771.7,2.0,16.0,C,2027-03-31,7803.91015625,2026-10-07T14:48-04:00
7310.0,717.4,736.9,4.0,1.0,C,2027-03-31,7803.91015625,2026-10-07T14:48-04:00
7315.0,757.9,762.2,3.0,4.0,C,2027-03-31,7803.91015625,2026-10-07T14:48-04:00
7320.0,0.0,0.0,4.0,0.0,C,2027-03-31,7803.91015625,2026-10-07T14:48-04:00
7325.0,749.8,754.1,2.0,15.0,C,2027-03-31,7803.91015625,2026-10-07T14:48-04:00
7330.0,0.0,0.0,4.0,0.0,C,2027-03-31,7803.91015625,2026-10-07T14:48-04:00
7335.0,741.7,747.2,2.0,6.0,C,2027-03-31,7803.91015625,2026-10-07T14:48-04:00
7340.0,0.0,0.0,4.0,0.0,C,2027-03-31,7803.91015625,2026-10-07T14:48-04:00
7345.0,733.6,737.9,2.0,25.0,C,2027-03-31,7803.91015625,2026-10-07T14:48-04:00
7350.0,729.6,735.1,1.0,159.0,C,2027-03-31,7803.91015625,2026-10-07T14:48-04:00
7355.0,725.5,731.1,2.0,6.0,C,2027-03-31,7803.91015625,2026-10-07T14:48-04:00
7360.0,721.5,727.1,2.0,2.0,C,2027-03-31,7803.91015625,2026-10-07T14:48-04:00
7365.0,717.5,722.3,2.0,10.0,C,2027-03-31,7803.91015625,2026-10-07T14:48-04:00
7370.0,700.0,701.2,1.0,5.0,C,2027-03-31,7803.91015625,2026-10-07T14:48-04:00
7375.0,709.5,714.3,2.0,14.0,C,2027-03-31,7803.91015625,2026-10-07T14:48-04:00
7380.0,694.3,715.1,3.0,0.0,C,2027-03-31,7803.91015625,2026-10-07T14:48-04:00
7385.0,701.5,706.3,2.0,10.0,C,2027-03-31,7803.91015625,2026-10-07T14:48-04:00
7390.0,686.4,707.2,2.0,0.0,C,2027-03-31,7803.91015625,2026-10-07T14:48-04:00
7395.0,693.6,697.8,1.0,5.0,C,2027-03-31,7803.91015625,2026-10-07T14:48-04:00
7400.0,689.6,693.8,4.0,201.0,C,2027-03-31,7803.91015625,2026-10-07T14:48-04:00
7405.0,685.6,691.1,4.0,13.0,C,2027-03-31,7803.91015625,2026-10-07T14:48-04:00
7410.0,681.7,685.9,1.0,5.0,C,2027-03-31,7803.91015625,2026-10-07T14:48-04:00
7415.0,677.7,683.1,4.0,4.0,C,2027-03-31,7803.91015625,2026-10-07T14:48-04:00
7420.0,663.1,683.8,10.0,0.0,C,2027-03-31,7803.91015625,2026-10-07T14:48-04:00
7425.0,669.9,675.3,5.0,23.0,C,2027-03-31,7803.91015625,2026-10-07T14:48-04:00
7430.0,665.9,671.3,1.0,55.0,C,2027-03-31,7803.91015625,2026-10-07T14:48-04:00
7435.0,662.0,667.3,2.0,5.0,C,2027-03-31,7803.91015625,2026-10-07T14:48-04:00
7440.0,658.1,663.4,4.0,9.0,C,2027-03-31,7803.91015625,2026-10-07T14:48-04:00
7445.0,654.2,659.5,2.0,7.0,C,2027-03-31,7803.91015625,2026-10-07T14:48-04:00
7450.0,650.3,654.4,2.0,42.0,C,2027-03-31,7803.91015625,2026-10-07T14:48-04:00
7455.0,646.9,651.7,4.0,11.0,C,2027-03-31,7803.91015625,2026-10-07T14:48-04:00
7460.0,642.5,646.6,3.0,24.0,C,2027-03-31,7803.91015625,2026-10-07T14:48-04:00
7465.0,638.6,642.7,2.0,5.0,C,2027-03-31,7803.91015625,2026-10-07T14:48-04:00
7470.0,634.7,640.0,2.0,58.0,C,2027-03-31,7803.91015625,2026-10-07T14:48-04:00
7475.0,630.9,636.1,2.0,11.0,C,2027-03-31,7803.91015625,2026-10-07T14:48-04:00
7480.0,627.0,631.1,3.0,67.0,C,2027-03-31,7803.91015625,2026-10-07T14:48-04:00
7485.0,593.2,595.3,38.0,36.0,C,2027-03-31,7803.91015625,2026-10-07T14:48-04:00
7490.0,619.3,623.9,3.0,70.0,C,2027-03-31,7803.91015625,2026-10-07T14:48-04:00
7495.0,615.4,620.0,4.0,16.0,C,2027-03-31,7803.91015625,2026-10-07T14:48-04:00
7500.0,611.6,616.2,1.0,77.0,C,2027-03-31,7803.91015625,2026-10-07T14:48-04:00
7505.0,607.8,613.0,4.0,7.0,C,2027-03-31,7803.91015625,2026-10-07T14:48-04:00
7510.0,604.5,609.2,2.0,13.0,C,2027-03-31,7803.91015625,2026-10-07T14:48-04:00
7515.0,600.2,605.3,4.0,11.0,C,2027-03-31,7803.91015625,2026-10-07T14:48-04:00
7520.0,596.4,601.5,4.0,14.0,C,2027-03-31,7803.91015625,2026-10-07T14:48-04:00
7525.0,595.0,595.7,18.0,139.0,C,2027-03-31,7803.91015625,2026-10-07T14:48-04:00
7530.0,591.3,592.0,5.0,42.0,C,2027-03-31,7803.91015625,2026-10-07T14:48-04:00
7535.0,587.4,588.2,2.0,16.0,C,2027-03-31,7803.91015625,2026-10-07T14:48-04:00
7540.0,583.7,584.5,2.0,10.0,C,2027-03-31,7803.91015625,2026-10-07T14:48-04:00
7545.0,579.8,580.6,1.0,8.0,C,2027-03-31,7803.91015625,2026-10-07T14:48-04:00
7550.0,576.1,576.9,5.0,148.0,C,2027-03-31,7803.91015625,2026-10-07T14:48-04:00
7555.0,572.7,573.4,3.0,24.0,C,2027-03-31,7803.91015625,2026-10-07T14:48-04:00
7560.0,568.6,569.4,4.0,24.0,C,2027-03-31,7803.91015625,2026-10-07T14:48-04:00
7565.0,564.8,565.6,4.0,12.0,C,2027-03-31,7803.91015625,2026-10-07T14:48-04:00
7570.0,561.1,561.9,4.0,22.0,C,2027-03-31,7803.91015625,2026-10-07T14:48-04:00
7575.0,557.5,558.3,4.0,29.0,C,2027-03-31,7803.91015625,2026-10-07T14:48-04:00
7580.0,553.7,554.7,2.0,32.0,C,2027-03-31,7803.91015625,2026-10-07T14:48-04:00
7585.0,550.0,550.7,2.0,36.0,C,2027-03-31,7803.91015625,2026-10-07T14:48-04:00
7590.0,546.3,547.1,2.0,31.0,C,2027-03-31,7803.91015625,2026-10-07T14:48-04:00
7595.0,542.7,543.5,2.0,7.0,C,2027-03-31,7803.91015625,2026-10-07T14:48-04:00
7600.0,539.1,540.6,2.0,335.0,C,2027-03-31,7803.91015625,2026-10-07T14:48-04:00
7605.0,411.7,413.8,1.0,7.0,C,2027-03-31,7803.91015625,2026-10-07T14:48-04:00
7610.0,531.7,532.5,13.0,44.0,C,2027-03-31,7803.91015625,2026-10-07T14:48-04:00
7615.0,528.2,529.6,2.0,8.0,C,2027-03-31,7803.91015625,2026-10-07T14:48-04:00
7620.0,524.5,525.3,2.0,17.0,C,2027-03-31,7803.91015625,2026-10-07T14:48-04:00
7625.0,520.6,521.4,18.0,40.0,C,2027-03-31,7803.91015625,2026-10-07T14:48-04:00
7630.0,517.0,517.8,4.0,12.0,C,2027-03-31,7803.91015625,2026-10-07T14:48-04:00
7635.0,513.4,514.2,1.0,17.0,C,2027-03-31,7803.91015625,2026-10-07T14:48-04:00
7640.0,509.9,510.7,12.0,29.0,C,2027-03-31,7803.91015625,2026-10-07T14:48-04:00
7645.0,506.2,507.0,1.0,7.0,C,2027-03-31,7803.91015625,2026-10-07T14:48-04:00
7650.0,502.8,503.6,4.0,359.0,C,2027-03-31,7803.91015625,2026-10-07T14:48-04:00
7655.0,499.0,499.8,10.0,22.0,C,2027-03-31,7803.91015625,2026-10-07T14:48-04:00
7660.0,495.5,496.2,4.0,25.0,C,2027-03-31,7803.91015625,2026-10-07T14:48-04:00
7665.0,494.9,496.1,2.0,0.0,C,2027-03-31,7803.91015625,2026-10-07T14:48-04:00
7670.0,488.7,497.2,4.0,56.0,C,2027-03-31,7803.91015625,2026-10-07T14:48-04:00
7675.0,484.9,485.7,7.0,147.0,C,2027-03-31,7803.91015625,2026-10-07T14:48-04:00
7680.0,481.6,483.0,1.0,28.0,C,2027-03-31,7803.91015625,2026-10-07T14:48-04:00
7685.0,478.1,479.5,20.0,37.0,C,2027-03-31,7803.91015625,2026-10-07T14:48-04:00
7690.0,474.2,475.0,4.0,23.0,C,2027-03-31,7803.91015625,2026-10-07T14:48-04:00
7695.0,470.7,471.6,9.0,16.0,C,2027-03-31,7803.91015625,2026-10-07T14:48-04:00
7700.0,467.6,468.4,3.0,195.0,C,2027-03-31,7803.91015625,2026-10-07T14:48-04:00
7705.0,464.1,465.5,1.0,23.0,C,2027-03-31,7803.91015625,2026-10-07T14:48-04:00
7710.0,460.3,461.1,4.0,71.0,C,2027-03-31,7803.91015625,2026-10-07T14:48-04:00
7715.0,456.9,457.7,8.0,33.0,C,2027-03-31,7803.91015625,2026-10-07T14:48-04:00
7720.0,453.4,454.2,4.0,27.0,C,2027-03-31,7803.91015625,2026-10-07T14:48-04:00
7725.0,450.3,451.7,6.0,46.0,C,2027-03-31,7803.91015625,2026-10-07T14:48-04:00
7730.0,446.6,447.4,44.0,58.0,C,2027-03-31,7803.91015625,2026-10-07T14:48-04:00
7735.0,443.2,444.0,11.0,23.0,C,2027-03-31,7803.91015625,2026-10-07T14:48-04:00
7740.0,440.1,440.9,13.0,27.0,C,2027-03-31,7803.91015625,2026-10-07T14:48-04:00
7745.0,436.5,437.3,6.0,27.0,C,2027-03-31,7803.91015625,2026-10-07T14:48-04:00
7750.0,433.0,433.8,4.0,167.0,C,2027-03-31,7803.91015625,2026-10-07T14:48-04:00
7755.0,429.6,430.4,3.0,98.0,C,2027-03-31,7803.91015625,2026-10-07T14:48-04:00
7760.0,426.2,427.0,7.0,21.0,C,2027-03-31,7803.91015625,2026-10-07T14:48-04:00
7765.0,423.2,424.6,4.0,18.0,C,2027-03-31,7803.91015625,2026-10-07T14:48-04:00
7770.0,419.6,420.4,2.0,13.0,C,2027-03-31,7803.91015625,2026-10-07T14:48-04:00
7775.0,416.5,423.1,2.0,144.0,C,2027-03-31,7803.91015625,2026-10-07T14:48-04:00
7780.0,413.1,413.9,20.0,39.0,C,2027-03-31,7803.91015625,2026-10-07T14:48-04:00
7785.0,409.9,410.7,3.0,5.0,C,2027-03-31,7803.91015625,2026-10-07T14:48-04:00
7790.0,406.3,407.2,34.0,25.0,C,2027-03-31,7803.91015625,2026-10-07T14:48-04:00
7795.0,403.4,404.2,4.0,15.0,C,2027-03-31,7803.91015625,2026-10-07T14:48-04:00
7800.0,400.0,400.8,64.0,262.0,C,2027-03-31,7803.91015625,2026-10-07T14:48-04:00
7805.0,396.7,397.5,4.0,7.0,C,2027-03-31,7803.91015625,2026-10-07T14:48-04:00
7810.0,393.6,394.4,2.0,58.0,C,2027-03-31,7803.91015625,2026-10-07T14:48-04:00
7815.0,390.4,391.2,4.0,22.0,C,2027-03-31,7803.91015625,2026-10-07T14:48-04:00
7820.0,387.2,388.0,9.0,20.0,C,2027-03-31,7803.91015625,2026-10-07T14:48-04:00
7825.0,383.7,384.5,1.0,69.0,C,2027-03-31,7803.91015625,2026-10-07T14:48-04:00
7830.0,380.8,381.6,4.0,35.0,C,2027-03-31,7803.91015625,2026-10-07T14:48-04:00
7835.0,377.3,378.1,2.0,13.0,C,2027-03-31,7803.91015625,2026-10-07T14:48-04:00
7840.0,374.1,375.0,42.0,51.0,C,2027-03-31,7803.91015625,2026-10-07T14:48-04:00
7845.0,371.1,371.9,1.0,31.0,C,2027-03-31,7803.91015625,2026-10-07T14:48-04:00
7850.0,367.9,368.7,10.0,98.0,C,2027-03-31,7803.91015625,2026-10-07T14:48-04:00
7855.0,364.8,365.6,2.0,29.0,C,2027-03-31,7803.91015625,2026-10-07T14:48-04:00
7860.0,361.7,362.5,4.0,35.0,C,2027-03-31,7803.91015625,2026-10-07T14:48-04:00
7870.0,355.6,356.4,2.0,115.0,C,2027-03-31,7803.91015625,2026-10-07T14:48-04:00
7875.0,352.7,353.5,2.0,85.0,C,2027-03-31,7803.91015625,2026-10-07T14:48-04:00
7880.0,349.6,350.9,2.0,76.0,C,2027-03-31,7803.91015625,2026-10-07T14:48-04:00
7890.0,343.5,344.3,17.0,148.0,C,2027-03-31,7803.91015625,2026-10-07T14:48-04:00
7900.0,337.4,338.8,11.0,167.0,C,2027-03-31,7803.91015625,2026-10-07T14:48-04:00
7910.0,331.2,332.1,1.0,106.0,C,2027-03-31,7803.91015625,2026-10-07T14:48-04:00
7920.0,325.3,326.1,2.0,317.0,C,2027-03-31,7803.91015625,2026-10-07T14:48-04:00
7925.0,322.4,323.2,1.0,73.0,C,2027-03-31,7803.91015625,2026-10-07T14:48-04:00
7930.0,319.7,321.1,20.0,56.0,C,2027-03-31,7803.91015625,2026-10-07T14:48-04:00
7940.0,313.7,314.5,2.0,37.0,C,2027-03-31,7803.91015625,2026-10-07T14:48-04:00
7950.0,308.2,309.5,2.0,76.0,C,2027-03-31,7803.91015625,2026-10-07T14:48-04:00
7960.0,302.5,303.8,2.0,15.0,C,2027-03-31,7803.91015625,2026-10-07T14:48-04:00
7970.0,296.9,298.2,5.0,88.0,C,2027-03-31,7803.91015625,2026-10-07T14:48-04:00
7975.0,294.2,295.0,2.0,67.0,C,2027-03-31,7803.91015625,2026-10-07T14:48-04:00
7980.0,291.2,292.0,3.0,27.0,C,2027-03-31,7803.91015625,2026-10-07T14:48-04:00
7990.0,285.8,286.6,2.0,51.0,C,2027-03-31,7803.91015625,2026-10-07T14:48-04:00
8000.0,280.3,281.0,54.0,1007.0,C,2027-03-31,7803.91015625,2026-10-07T14:48-04:00
8010.0,274.8,275.6,2.0,76.0,C,2027-03-31,7803.91015625,2026-10-07T14:48-04:00
8020.0,269.6,270.4,1.0,38.0,C,2027-03-31,7803.91015625,2026-10-07T14:48-04:00
8025.0,267.1,267.8,1.0,387.0,C,2027-03-31,7803.91015625,2026-10-07T14:48-04:00
8030.0,264.4,265.7,2.0,18.0,C,2027-03-31,7803.91015625,2026-10-07T14:48-04:00
8040.0,259.0,259.8,52.0,46.0,C,2027-03-31,7803.91015625,2026-10-07T14:48-04:00
8050.0,253.9,254.7,3.0,238.0,C,2027-03-31,7803.91015625,2026-10-07T14:48-04:00
8060.0,248.9,249.6,2.0,16.0,C,2027-03-31,7803.91015625,2026-10-07T14:48-04:00
8070.0,243.9,244.7,1.0,626.0,C,2027-03-31,7803.91015625,2026-10-07T14:48-04:00
8075.0,241.4,242.2,42.0,51.0,C,2027-03-31,7803.91015625,2026-10-07T14:48-04:00
8080.0,239.1,239.9,10.0,43.0,C,2027-03-31,7803.91015625,2026-10-07T14:48-04:00
8090.0,234.2,235.5,4.0,119.0,C,2027-03-31,7803.91015625,2026-10-07T14:48-04:00
8100.0,229.4,230.2,113.0,19109.0,C,2027-03-31,7803.91015625,2026-10-07T14:48-04:00
8125.0,218.0,218.9,20.0,348.0,C,2027-03-31,7803.91015625,2026-10-07T14:48-04:00
8150.0,206.4,207.1,82.0,18653.0,C,2027-03-31,7803.91015625,2026-10-07T14:48-04:00
8175.0,195.2,196.0,20.0,331.0,C,2027-03-31,7803.91015625,2026-10-07T14:48-04:00
8200.0,184.7,185.5,85.0,1039.0,C,2027-03-31,7803.91015625,2026-10-07T14:48-04:00
8225.0,174.6,175.3,56.0,100.0,C,2027-03-31,7803.91015625,2026-10-07T14:48-04:00
8250.0,165.0,165.7,20.0,471.0,C,2027-03-31,7803.91015625,2026-10-07T14:48-04:00
8275.0,155.5,156.2,56.0,101.0,C,2027-03-31,7803.91015625,2026-10-07T14:48-04:00
8300.0,146.9,147.8,41.0,2114.0,C,2027-03-31,7803.91015625,2026-10-07T14:48-04:00
8325.0,138.0,138.8,14.0,420.0,C,2027-03-31,7803.91015625,2026-10-07T14:48-04:00
8350.0,130.1,130.7,36.0,1363.0,C,2027-03-31,7803.91015625,2026-10-07T14:48-04:00
8375.0,122.2,122.8,2.0,48.0,C,2027-03-31,7803.91015625,2026-10-07T14:48-04:00
8400.0,114.8,115.5,66.0,2839.0,C,2027-03-31,7803.91015625,2026-10-07T14:48-04:00
8425.0,107.8,108.5,2.0,55.0,C,2027-03-31,7803.91015625,2026-10-07T14:48-04:00
8450.0,101.1,101.7,1.0,99.0,C,2027-03-31,7803.91015625,2026-10-07T14:48-04:00
8475.0,94.7,95.4,3.0,45.0,C,2027-03-31,7803.91015625,2026-10-07T14:48-04:00
8500.0,88.7,89.4,1.0,874.0,C,2027-03-31,7803.91015625,2026-10-07T14:48-04:00
8525.0,83.0,83.7,4.0,16.0,C,2027-03-31,7803.91015625,2026-10-07T14:48-04:00
8550.0,77.7,78.4,3.0,74.0,C,2027-03-31,7803.91015625,2026-10-07T14:48-04:00
8600.0,67.8,68.4,3.0,195.0,C,2027-03-31,7803.91015625,2026-10-07T14:48-04:00
8650.0,59.0,59.7,10.0,40.0,C,2027-03-31,7803.91015625,2026-10-07T14:48-04:00
8700.0,51.1,51.7,2.0,721.0,C,2027-03-31,7803.91015625,2026-10-07T14:48-04:00
8750.0,44.1,44.7,23.0,75.0,C,2027-03-31,7803.91015625,2026-10-07T14:48-04:00
8800.0,38.0,38.5,129.0,138.0,C,2027-03-31,7803.91015625,2026-10-07T14:48-04:00
8850.0,32.5,33.0,1.0,9.0,C,2027-03-31,7803.91015625,2026-10-07T14:48-04:00
8900.0,27.8,28.2,4.0,377.0,C,2027-03-31,7803.91015625,2026-10-07T14:48-04:00
9000.0,20.4,20.8,2.0,441.0,C,2027-03-31,7803.91015625,2026-10-07T14:48-04:00
9100.0,14.7,15.2,4.0,161.0,C,2027-03-31,7803.91015625,2026-10-07T14:48-04:00
9200.0,10.6,11.1,1.0,301.0,C,2027-03-31,7803.91015625,2026-10-07T14:48-04:00
9300.0,7.9,8.2,1.0,621.0,C,2027-03-31,7803.91015625,2026-10-07T14:48-04:00
9400.0,5.8,6.1,8.0,1052.0,C,2027-03-31,7803.91015625,2026-10-07T14:48-04:00
9500.0,4.4,4.6,2.0,49.0,C,2027-03-31,7803.91015625,2026-10-07T14:48-04:00
9600.0,3.3,3.6,2.0,1360.0,C,2027-03-31,7803.91015625,2026-10-07T14:48-04:00
2800.0,2.75,2.95,2.0,206.0,P,2027-03-31,7803.91015625,2026-10-07T14:48-04:00
3000.0,3.4,3.6,12.0,353.0,P,2027-03-31,7803.91015625,2026-10-07T14:48-04:00
3200.0,4.1,4.3,23.0,73.0,P,2027-03-31,7803.91015625,2026-10-07T14:48-04:00
3300.0,4.5,4.7,1.0,148.0,P,2027-03-31,7803.91015625,2026-10-07T14:48-04:00
3400.0,4.9,5.2,1.0,137.0,P,2027-03-31,7803.91015625,2026-10-07T14:48-04:00
3500.0,5.4,5.6,2.0,215.0,P,2027-03-31,7803.91015625,2026-10-07T14:48-04:00
3600.0,5.9,6.1,2.0,179.0,P,2027-03-31,7803.91015625,2026-10-07T14:48-04:00
3700.0,6.4,6.6,8.0,257.0,P,2027-03-31,7803.91015625,2026-10-07T14:48-04:00
3800.0,6.9,7.2,4.0,67.0,P,2027-03-31,7803.91015625,2026-10-07T14:48-04:00
3900.0,7.5,7.8,1.0,58.0,P,2027-03-31,7803.91015625,2026-10-07T14:48-04:00
4000.0,8.1,8.4,1.0,444.0,P,2027-03-31,7803.91015625,2026-10-07T14:48-04:00
4100.0,8.8,9.1,4.0,432.0,P,2027-03-31,7803.91015625,2026-10-07T14:48-04:00
4200.0,9.5,9.8,8.0,203.0,P,2027-03-31,7803.91015625,2026-10-07T14:48-04:00
4300.0,10.3,10.6,4.0,131.0,P,2027-03-31,7803.91015625,2026-10-07T14:48-04:00
4400.0,11.1,11.4,4.0,69.0,P,2027-03-31,7803.91015625,2026-10-07T14:48-04:00
4500.0,12.0,12.3,1.0,233.0,P,2027-03-31,7803.91015625,2026-10-07T14:48-04:00
4600.0,13.0,13.3,1.0,149.0,P,2027-03-31,7803.91015625,2026-10-07T14:48-04:00
4650.0,13.5,13.8,30.0,309.0,P,2027-03-31,7803.91015625,2026-10-07T14:48-04:00
4700.0,14.0,14.3,17.0,306.0,P,2027-03-31,7803.91015625,2026-10-07T14:48-04:00
4750.0,14.6,14.8,2.0,38.0,P,2027-03-31,7803.91015625,2026-10-07T14:48-04:00
4800.0,15.1,15.4,1.0,520.0,P,2027-03-31,7803.91015625,2026-10-07T14:48-04:00
4850.0,15.7,15.9,6.0,130.0,P,2027-03-31,7803.91015625,2026-10-07T14:48-04:00
4900.0,16.3,16.6,8.0,66.0,P,2027-03-31,7803.91015625,2026-10-07T14:48-04:00
4950.0,16.9,17.2,12.0,40.0,P,2027-03-31,7803.91015625,2026-10-07T14:48-04:00
5000.0,17.6,17.8,2.0,70.0,P,2027-03-31,7803.91015625,2026-10-07T14:48-04:00
5050.0,18.2,18.5,2.0,35.0,P,2027-03-31,7803.91015625,2026-10-07T14:48-04:00
5100.0,18.9,19.2,220.0,246.0,P,2027-03-31,7803.91015625,2026-10-07T14:48-04:00
5150.0,19.6,20.0,4.0,105.0,P,2027-03-31,7803.91015625,2026-10-07T14:48-04:00
5200.0,20.4,20.7,4.0,58.0,P,2027-03-31,7803.91015625,2026-10-07T14:48-04:00
5250.0,21.2,21.5,6.0,41.0,P,2027-03-31,7803.91015625,2026-10-07T14:48-04:00
5300.0,22.0,22.4,2.0,199.0,P,2027-03-31,7803.91015625,2026-10-07T14:48-04:00
5350.0,22.9,23.3,4.0,48.0,P,2027-03-31,7803.91015625,2026-10-07T14:48-04:00
5400.0,23.8,24.2,100.0,146.0,P,2027-03-31,7803.91015625,2026-10-07T14:48-04:00
5450.0,24.8,25.1,4.0,18.0,P,2027-03-31,7803.91015625,2026-10-07T14:48-04:00
5500.0,25.7,26.1,1.0,111.0,P,2027-03-31,7803.91015625,2026-10-07T14:48-04:00
5525.0,26.2,26.6,1.0,14.0,P,2027-03-31,7803.91015625,2026-10-07T14:48-04:00
5550.0,26.7,27.1,2.0,462.0,P,2027-03-31,7803.91015625,2026-10-07T14:48-04:00
5575.0,27.4,27.7,18.0,148.0,P,2027-03-31,7803.91015625,2026-10-07T14:48-04:00
5600.0,27.9,28.3,1.0,338.0,P,2027-03-31,7803.91015625,2026-10-07T14:48-04:00
5605.0,27.9,28.3,4.0,22.0,P,2027-03-31,7803.91015625,2026-10-07T14:48-04:00
5610.0,28.1,28.5,2.0,18.0,P,2027-03-31,7803.91015625,2026-10-07T14:48-04:00
5615.0,31.2,31.8,4.0,0.0,P,2027-03-31,7803.91015625,2026-10-07T14:48-04:00
5620.0,28.3,28.7,4.0,4.0,P,2027-03-31,7803.91015625,2026-10-07T14:48-04:00
5625.0,28.4,28.8,1.0,7.0,P,2027-03-31,7803.91015625,2026-10-07T14:48-04:00
5630.0,28.6,28.9,4.0,14.0,P,2027-03-31,7803.91015625,2026-10-07T14:48-04:00
5635.0,0.0,0.0,4.0,0.0,P,2027-03-31,7803.91015625,2026-10-07T14:48-04:00
5640.0,0.0,0.0,4.0,0.0,P,2027-03-31,7803.91015625,2026-10-07T14:48-04:00
5645.0,28.9,29.3,4.0,15.0,P,2027-03-31,7803.91015625,2026-10-07T14:48-04:00
5650.0,29.0,29.4,4.0,19.0,P,2027-03-31,7803.91015625,2026-10-07T14:48-04:00
5655.0,29.2,29.5,1.0,45.0,P,2027-03-31,7803.91015625,2026-10-07T14:48-04:00
5660.0,29.2,29.6,4.0,5.0,P,2027-03-31,7803.91015625,2026-10-07T14:48-04:00
5665.0,32.4,33.1,8.0,0.0,P,2027-03-31,7803.91015625,2026-10-07T14:48-04:00
5670.0,32.5,33.2,4.0,0.0,P,2027-03-31,7803.91015625,2026-10-07T14:48-04:00
5675.0,29.6,30.0,3.0,23.0,P,2027-03-31,7803.91015625,2026-10-07T14:48-04:00
5680.0,29.7,30.1,4.0,33.0,P,2027-03-31,7803.91015625,2026-10-07T14:48-04:00
5685.0,29.9,30.3,2.0,13.0,P,2027-03-31,7803.91015625,2026-10-07T14:48-04:00
5690.0,30.0,30.4,4.0,5.0,P,2027-03-31,7803.91015625,2026-10-07T14:48-04:00
5695.0,30.1,30.5,31.0,24.0,P,2027-03-31,7803.91015625,2026-10-07T14:48-04:00
5700.0,30.3,30.6,1.0,27.0,P,2027-03-31,7803.91015625,2026-10-07T14:48-04:00
5705.0,30.3,30.7,4.0,11.0,P,2027-03-31,7803.91015625,2026-10-07T14:48-04:00
5710.0,78.6,79.8,12.0,27.0,P,2027-03-31,7803.91015625,2026-10-07T14:48-04:00
5715.0,30.6,31.0,4.0,6.0,P,2027-03-31,7803.91015625,2026-10-07T14:48-04:00
5720.0,33.8,34.5,4.0,0.0,P,2027-03-31,7803.91015625,2026-10-07T14:48-04:00
5725.0,30.9,31.2,2.0,23.0,P,2027-03-31,7803.91015625,2026-10-07T14:48-04:00
5730.0,30.9,31.3,4.0,33.0,P,2027-03-31,7803.91015625,2026-10-07T14:48-04:00
5735.0,31.1,31.5,8.0,46.0,P,2027-03-31,7803.91015625,2026-10-07T14:48-04:00
5740.0,31.3,31.6,4.0,14.0,P,2027-03-31,7803.91015625,2026-10-07T14:48-04:00
5745.0,31.3,31.7,4.0,5.0,P,2027-03-31,7803.91015625,2026-10-07T14:48-04:00
5750.0,31.5,31.9,2.0,27.0,P,2027-03-31,7803.91015625,2026-10-07T14:48-04:00
5755.0,34.8,35.5,2.0,0.0,P,2027-03-31,7803.91015625,2026-10-07T14:48-04:00
5760.0,31.8,32.2,2.0,18.0,P,2027-03-31,7803.91015625,2026-10-07T14:48-04:00
5765.0,31.9,32.3,3.0,6.0,P,2027-03-31,7803.91015625,2026-10-07T14:48-04:00
5770.0,35.2,35.9,4.0,0.0,P,2027-03-31,7803.91015625,2026-10-07T14:48-04:00
5775.0,32.2,32.5,2.0,18.0,P,2027-03-31,7803.91015625,2026-10-07T14:48-04:00
5780.0,35.5,36.2,4.0,0.0,P,2027-03-31,7803.91015625,2026-10-07T14:48-04:00
5785.0,32.4,32.8,48.0,15.0,P,2027-03-31,7803.91015625,2026-10-07T14:48-04:00
5790.0,32.6,32.9,16.0,0.0,P,2027-03-31,7803.91015625,2026-10-07T14:48-04:00
5795.0,32.7,33.1,1.0,81.0,P,2027-03-31,7803.91015625,2026-10-07T14:48-04:00
5800.0,32.8,33.2,3.0,140.0,P,2027-03-31,7803.91015625,2026-10-07T14:48-04:00
5805.0,33.0,33.3,4.0,2.0,P,2027-03-31,7803.91015625,2026-10-07T14:48-04:00
5810.0,33.1,33.5,28.0,18.0,P,2027-03-31,7803.91015625,2026-10-07T14:48-04:00
5815.0,33.3,33.6,4.0,3.0,P,2027-03-31,7803.91015625,2026-10-07T14:48-04:00
5820.0,33.4,33.8,2.0,28.0,P,2027-03-31,7803.91015625,2026-10-07T14:48-04:00
5825.0,33.5,33.9,4.0,45.0,P,2027-03-31,7803.91015625,2026-10-07T14:48-04:00
5830.0,33.7,34.0,2.0,22.0,P,2027-03-31,7803.91015625,2026-10-07T14:48-04:00
5835.0,37.1,37.9,4.0,0.0,P,2027-03-31,7803.91015625,2026-10-07T14:48-04:00
5840.0,34.0,34.3,1.0,25.0,P,2027-03-31,7803.91015625,2026-10-07T14:48-04:00
5845.0,34.1,34.5,4.0,6.0,P,2027-03-31,7803.91015625,2026-10-07T14:48-04:00
5850.0,34.3,34.6,3.0,31.0,P,2027-03-31,7803.91015625,2026-10-07T14:48-04:00
5855.0,34.4,34.8,124.0,59.0,P,2027-03-31,7803.91015625,2026-10-07T14:48-04:00
5860.0,34.6,34.9,4.0,71.0,P,2027-03-31,7803.91015625,2026-10-07T14:48-04:00
5865.0,34.7,35.1,4.0,52.0,P,2027-03-31,7803.91015625,2026-10-07T14:48-04:00
5870.0,0.0,0.0,28.0,0.0,P,2027-03-31,7803.91015625,2026-10-07T14:48-04:00
5875.0,35.0,35.4,2.0,59.0,P,2027-03-31,7803.91015625,2026-10-07T14:48-04:00
5880.0,35.1,35.5,4.0,36.0,P,2027-03-31,7803.91015625,2026-10-07T14:48-04:00
5890.0,38.8,39.6,4.0,0.0,P,2027-03-31,7803.91015625,2026-10-07T14:48-04:00
5900.0,35.8,36.2,12.0,218.0,P,2027-03-31,7803.91015625,2026-10-07T14:48-04:00
5910.0,39.5,40.3,2.0,0.0,P,2027-03-31,7803.91015625,2026-10-07T14:48-04:00
5920.0,92.8,94.0,22.0,0.0,P,2027-03-31,7803.91015625,2026-10-07T14:48-04:00
5925.0,36.5,36.9,3.0,28.0,P,2027-03-31,7803.91015625,2026-10-07T14:48-04:00
5930.0,36.7,37.1,4.0,18.0,P,2027-03-31,7803.91015625,2026-10-07T14:48-04:00
5940.0,0.0,0.0,4.0,0.0,P,2027-03-31,7803.91015625,2026-10-07T14:48-04:00
5950.0,37.3,37.7,1.0,129.0,P,2027-03-31,7803.91015625,2026-10-07T14:48-04:00
5960.0,37.7,38.0,5.0,315.0,P,2027-03-31,7803.91015625,2026-10-07T14:48-04:00
5970.0,41.5,42.3,5.0,0.0,P,2027-03-31,7803.91015625,2026-10-07T14:48-04:00
5975.0,38.1,38.5,1.0,55.0,P,2027-03-31,7803.91015625,2026-10-07T14:48-04:00
5980.0,38.3,38.8,3.0,24.0,P,2027-03-31,7803.91015625,2026-10-07T14:48-04:00
5990.0,42.2,43.0,90.0,0.0,P,2027-03-31,7803.91015625,2026-10-07T14:48-04:00
6000.0,39.0,39.4,5.0,215.0,P,2027-03-31,7803.91015625,2026-10-07T14:48-04:00
6010.0,39.4,39.7,1.0,6.0,P,2027-03-31,7803.91015625,2026-10-07T14:48-04:00
6020.0,43.3,44.1,2.0,0.0,P,2027-03-31,7803.91015625,2026-10-07T14:48-04:00
6025.0,39.9,40.2,3.0,17.0,P,2027-03-31,7803.91015625,2026-10-07T14:48-04:00
6030.0,40.1,40.4,4.0,15.0,P,2027-03-31,7803.91015625,2026-10-07T14:48-04:00
6040.0,40.4,40.9,3.0,6.0,P,2027-03-31,7803.91015625,2026-10-07T14:48-04:00
6050.0,40.7,41.1,1.0,142.0,P,2027-03-31,7803.91015625,2026-10-07T14:48-04:00
6060.0,44.8,45.7,2.0,0.0,P,2027-03-31,7803.91015625,2026-10-07T14:48-04:00
6075.0,41.7,42.1,2.0,1.0,P,2027-03-31,7803.91015625,2026-10-07T14:48-04:00
6080.0,41.8,42.3,,9.0,P,2027-03-31,7803.91015625,2026-10-07T14:48-04:00
6090.0,42.3,42.7,4.0,18.0,P,2027-03-31,7803.91015625,2026-10-07T14:48-04:00
6100.0,42.6,43.0,1.0,78.0,P,2027-03-31,7803.91015625,2026-10-07T14:48-04:00
6125.0,43.6,44.1,1.0,332.0,P,2027-03-31,7803.91015625,2026-10-07T14:48-04:00
6150.0,44.6,45.0,10.0,50.0,P,2027-03-31,7803.91015625,2026-10-07T14:48-04:00
6175.0,45.7,46.1,4.0,25.0,P,2027-03-31,7803.91015625,2026-10-07T14:48-04:00
6200.0,46.7,47.2,1.0,114.0,P,2027-03-31,7803.91015625,2026-10-07T14:48-04:00
6205.0,51.0,51.8,,0.0,P,2027-03-31,7803.91015625,2026-10-07T14:48-04:00
6210.0,47.1,47.6,4.0,18.0,P,2027-03-31,7803.91015625,2026-10-07T14:48-04:00
6215.0,51.4,52.2,4.0,0.0,P,2027-03-31,7803.91015625,2026-10-07T14:48-04:00
6220.0,51.6,52.5,2.0,0.0,P,2027-03-31,7803.91015625,2026-10-07T14:48-04:00
6225.0,47.8,48.2,3.0,75.0,P,2027-03-31,7803.91015625,2026-10-07T14:48-04:00
6230.0,47.9,48.3,1.0,29.0,P,2027-03-31,7803.91015625,2026-10-07T14:48-04:00
6235.0,52.3,53.2,2.0,0.0,P,2027-03-31,7803.91015625,2026-10-07T14:48-04:00
6240.0,48.4,48.9,1.0,30.0,P,2027-03-31,7803.91015625,2026-10-07T14:48-04:00
6245.0,52.8,53.7,,0.0,P,2027-03-31,7803.91015625,2026-10-07T14:48-04:00
6250.0,48.9,49.3,1.0,320.0,P,2027-03-31,7803.91015625,2026-10-07T14:48-04:00
6255.0,53.3,54.1,16.0,0.0,P,2027-03-31,7803.91015625,2026-10-07T14:48-04:00
6260.0,53.5,54.3,2.0,0.0,P,2027-03-31,7803.91015625,2026-10-07T14:48-04:00
6265.0,151.4,154.1,1.0,1.0,P,2027-03-31,7803.91015625,2026-10-07T14:48-04:00
6270.0,49.8,50.3,3.0,5.0,P,2027-03-31,7803.91015625,2026-10-07T14:48-04:00
6275.0,50.1,50.6,18.0,14.0,P,2027-03-31,7803.91015625,2026-10-07T14:48-04:00
6280.0,50.3,50.7,3.0,15.0,P,2027-03-31,7803.91015625,2026-10-07T14:48-04:00
6285.0,54.8,55.6,17.0,0.0,P,2027-03-31,7803.91015625,2026-10-07T14:48-04:00
6290.0,50.8,51.3,10.0,14.0,P,2027-03-31,7803.91015625,2026-10-07T14:48-04:00
6300.0,51.2,51.7,4.0,809.0,P,2027-03-31,7803.91015625,2026-10-07T14:48-04:00
6310.0,51.8,52.2,4.0,59.0,P,2027-03-31,7803.91015625,2026-10-07T14:48-04:00
6315.0,51.8,52.3,3.0,6.0,P,2027-03-31,7803.91015625,2026-10-07T14:48-04:00
6320.0,52.2,52.7,3.0,12.0,P,2027-03-31,7803.91015625,2026-10-07T14:48-04:00
6325.0,52.5,52.8,3.0,12.0,P,2027-03-31,7803.91015625,2026-10-07T14:48-04:00
6330.0,52.6,53.1,2.0,22.0,P,2027-03-31,7803.91015625,2026-10-07T14:48-04:00
6335.0,52.9,53.4,2.0,22.0,P,2027-03-31,7803.91015625,2026-10-07T14:48-04:00
6340.0,53.1,53.6,2.0,1.0,P,2027-03-31,7803.91015625,2026-10-07T14:48-04:00
6345.0,70.3,71.8,1.0,2.0,P,2027-03-31,7803.91015625,2026-10-07T14:48-04:00
6350.0,53.6,54.1,1.0,49.0,P,2027-03-31,7803.91015625,2026-10-07T14:48-04:00
6360.0,54.2,54.6,6.0,20.0,P,2027-03-31,7803.91015625,2026-10-07T14:48-04:00
6365.0,54.5,55.0,1.0,2.0,P,2027-03-31,7803.91015625,2026-10-07T14:48-04:00
6370.0,72.0,73.4,1.0,1.0,P,2027-03-31,7803.91015625,2026-10-07T14:48-04:00
6375.0,59.5,60.3,2.0,0.0,P,2027-03-31,7803.91015625,2026-10-07T14:48-04:00
6380.0,55.2,55.6,6.0,1.0,P,2027-03-31,7803.91015625,2026-10-07T14:48-04:00
6385.0,133.2,135.0,2.0,0.0,P,2027-03-31,7803.91015625,2026-10-07T14:48-04:00
6390.0,55.9,56.3,3.0,1299.0,P,2027-03-31,7803.91015625,2026-10-07T14:48-04:00
6395.0,56.0,56.5,3.0,7.0,P,2027-03-31,7803.91015625,2026-10-07T14:48-04:00
6400.0,56.4,56.8,1.0,727.0,P,2027-03-31,7803.91015625,2026-10-07T14:48-04:00
6405.0,56.6,57.0,2.0,161.0,P,2027-03-31,7803.91015625,2026-10-07T14:48-04:00
6410.0,56.7,57.2,3.0,6.0,P,2027-03-31,7803.91015625,2026-10-07T14:48-04:00
6415.0,57.1,57.5,1.0,30.0,P,2027-03-31,7803.91015625,2026-10-07T14:48-04:00
6420.0,57.2,57.8,3.0,5.0,P,2027-03-31,7803.91015625,2026-10-07T14:48-04:00
6425.0,57.7,58.2,21.0,78.0,P,2027-03-31,7803.91015625,2026-10-07T14:48-04:00
6430.0,57.8,58.3,3.0,34.0,P,2027-03-31,7803.91015625,2026-10-07T14:48-04:00
6435.0,58.2,58.6,6.0,25.0,P,2027-03-31,7803.91015625,2026-10-07T14:48-04:00
6440.0,58.6,59.1,4.0,24.0,P,2027-03-31,7803.91015625,2026-10-07T14:48-04:00
6445.0,58.8,59.2,20.0,23.0,P,2027-03-31,7803.91015625,2026-10-07T14:48-04:00
6450.0,59.2,59.6,1.0,56.0,P,2027-03-31,7803.91015625,2026-10-07T14:48-04:00
6455.0,141.6,143.3,2.0,0.0,P,2027-03-31,7803.91015625,2026-10-07T14:48-04:00
6460.0,59.5,60.0,4.0,17.0,P,2027-03-31,7803.91015625,2026-10-07T14:48-04:00
6465.0,59.9,60.4,3.0,8.0,P,2027-03-31,7803.91015625,2026-10-07T14:48-04:00
6470.0,60.2,60.6,3.0,16.0,P,2027-03-31,7803.91015625,2026-10-07T14:48-04:00
6475.0,60.5,60.9,6.0,23.0,P,2027-03-31,7803.91015625,2026-10-07T14:48-04:00
6480.0,60.8,61.2,2.0,16.0,P,2027-03-31,7803.91015625,2026-10-07T14:48-04:00
6485.0,65.9,66.8,2.0,0.0,P,2027-03-31,7803.91015625,2026-10-07T14:48-04:00
6490.0,61.4,61.8,2.0,38.0,P,2027-03-31,7803.91015625,2026-10-07T14:48-04:00
6495.0,146.3,148.0,15.0,0.0,P,2027-03-31,7803.91015625,2026-10-07T14:48-04:00
6500.0,62.0,62.4,1.0,779.0,P,2027-03-31,7803.91015625,2026-10-07T14:48-04:00
6505.0,62.2,62.7,164.0,89.0,P,2027-03-31,7803.91015625,2026-10-07T14:48-04:00
6510.0,62.5,63.0,2.0,21.0,P,2027-03-31,7803.91015625,2026-10-07T14:48-04:00
6515.0,62.9,63.3,1.0,5.0,P,2027-03-31,7803.91015625,2026-10-07T14:48-04:00
6520.0,68.2,69.1,2.0,0.0,P,2027-03-31,7803.91015625,2026-10-07T14:48-04:00
6525.0,63.4,63.9,1.0,224.0,P,2027-03-31,7803.91015625,2026-10-07T14:48-04:00
6530.0,63.8,64.3,6.0,72.0,P,2027-03-31,7803.91015625,2026-10-07T14:48-04:00
6535.0,0.0,0.0,7.0,0.0,P,2027-03-31,7803.91015625,2026-10-07T14:48-04:00
6540.0,64.5,65.0,3.0,7.0,P,2027-03-31,7803.91015625,2026-10-07T14:48-04:00
6545.0,64.9,65.3,3.0,34.0,P,2027-03-31,7803.91015625,2026-10-07T14:48-04:00
6550.0,65.1,65.5,2.0,264.0,P,2027-03-31,7803.91015625,2026-10-07T14:48-04:00
6560.0,65.7,66.2,6.0,341.0,P,2027-03-31,7803.91015625,2026-10-07T14:48-04:00
6565.0,66.1,66.6,1.0,12.0,P,2027-03-31,7803.91015625,2026-10-07T14:48-04:00
6570.0,66.4,66.8,3.0,4.0,P,2027-03-31,7803.91015625,2026-10-07T14:48-04:00
6575.0,66.6,67.1,3.0,55.0,P,2027-03-31,7803.91015625,2026-10-07T14:48-04:00
6580.0,66.9,67.5,2.0,12.0,P,2027-03-31,7803.91015625,2026-10-07T14:48-04:00
6585.0,67.5,67.9,9.0,22.0,P,2027-03-31,7803.91015625,2026-10-07T14:48-04:00
6590.0,67.6,68.1,2.0,3.0,P,2027-03-31,7803.91015625,2026-10-07T14:48-04:00
6595.0,68.1,68.5,1.0,4.0,P,2027-03-31,7803.91015625,2026-10-07T14:48-04:00
6600.0,68.4,68.9,1.0,175.0,P,2027-03-31,7803.91015625,2026-10-07T14:48-04:00
6605.0,68.6,69.2,2.0,38.0,P,2027-03-31,7803.91015625,2026-10-07T14:48-04:00
6610.0,69.2,69.7,1.0,31.0,P,2027-03-31,7803.91015625,2026-10-07T14:48-04:00
6615.0,69.3,69.8,2.0,25.0,P,2027-03-31,7803.91015625,2026-10-07T14:48-04:00
6620.0,69.9,70.4,2.0,16.0,P,2027-03-31,7803.91015625,2026-10-07T14:48-04:00
6625.0,70.0,70.5,2.0,94.0,P,2027-03-31,7803.91015625,2026-10-07T14:48-04:00
6630.0,75.8,76.7,2.0,0.0,P,2027-03-31,7803.91015625,2026-10-07T14:48-04:00
6635.0,70.7,71.2,4.0,19.0,P,2027-03-31,7803.91015625,2026-10-07T14:48-04:00
6640.0,71.3,71.8,2.0,15.0,P,2027-03-31,7803.91015625,2026-10-07T14:48-04:00
6645.0,71.6,72.0,2.0,47.0,P,2027-03-31,7803.91015625,2026-10-07T14:48-04:00
6650.0,71.8,72.4,1.0,407.0,P,2027-03-31,7803.91015625,2026-10-07T14:48-04:00
6655.0,72.3,72.7,62.0,34.0,P,2027-03-31,7803.91015625,2026-10-07T14:48-04:00
6660.0,72.5,73.0,2.0,14.0,P,2027-03-31,7803.91015625,2026-10-07T14:48-04:00
6665.0,73.0,73.7,2.0,16.0,P,2027-03-31,7803.91015625,2026-10-07T14:48-04:00
6670.0,73.4,73.9,3.0,14.0,P,2027-03-31,7803.91015625,2026-10-07T14:48-04:00
6675.0,73.7,74.2,6.0,64.0,P,2027-03-31,7803.91015625,2026-10-07T14:48-04:00
6680.0,74.0,74.5,4.0,4.0,P,2027-03-31,7803.91015625,2026-10-07T14:48-04:00
6685.0,74.6,75.0,24.0,20.0,P,2027-03-31,7803.91015625,2026-10-07T14:48-04:00
6690.0,74.7,75.3,8.0,0.0,P,2027-03-31,7803.91015625,2026-10-07T14:48-04:00
6695.0,75.2,75.7,12.0,13.0,P,2027-03-31,7803.91015625,2026-10-07T14:48-04:00
6700.0,75.5,76.0,41.0,249.0,P,2027-03-31,7803.91015625,2026-10-07T14:48-04:00
6705.0,75.9,76.6,1.0,6.0,P,2027-03-31,7803.91015625,2026-10-07T14:48-04:00
6710.0,76.3,76.8,14.0,18.0,P,2027-03-31,7803.91015625,2026-10-07T14:48-04:00
6715.0,76.6,77.2,2.0,11.0,P,2027-03-31,7803.91015625,2026-10-07T14:48-04:00
6720.0,82.9,83.7,4.0,0.0,P,2027-03-31,7803.91015625,2026-10-07T14:48-04:00
6725.0,77.5,78.0,8.0,67.0,P,2027-03-31,7803.91015625,2026-10-07T14:48-04:00
6730.0,77.9,78.4,2.0,6.0,P,2027-03-31,7803.91015625,2026-10-07T14:48-04:00
6735.0,78.3,78.8,2.0,10.0,P,2027-03-31,7803.91015625,2026-10-07T14:48-04:00
6740.0,102.2,103.7,2.0,29.0,P,2027-03-31,7803.91015625,2026-10-07T14:48-04:00
6745.0,85.0,85.8,9.0,0.0,P,2027-03-31,7803.91015625,2026-10-07T14:48-04:00
6750.0,79.5,80.0,1.0,131.0,P,2027-03-31,7803.91015625,2026-10-07T14:48-04:00
6755.0,80.0,80.4,16.0,19.0,P,2027-03-31,7803.91015625,2026-10-07T14:48-04:00
6760.0,80.3,80.8,9.0,26.0,P,2027-03-31,7803.91015625,2026-10-07T14:48-04:00
6765.0,80.7,81.2,3.0,170.0,P,2027-03-31,7803.91015625,2026-10-07T14:48-04:00
6770.0,169.4,170.9,1.0,1.0,P,2027-03-31,7803.91015625,2026-10-07T14:48-04:00
6775.0,81.6,82.2,3.0,12.0,P,2027-03-31,7803.91015625,2026-10-07T14:48-04:00
6780.0,81.9,82.4,84.0,116.0,P,2027-03-31,7803.91015625,2026-10-07T14:48-04:00
6785.0,82.5,82.9,9.0,34.0,P,2027-03-31,7803.91015625,2026-10-07T14:48-04:00
6790.0,82.8,83.3,9.0,7.0,P,2027-03-31,7803.91015625,2026-10-07T14:48-04:00
6795.0,83.3,83.9,2.0,19.0,P,2027-03-31,7803.91015625,2026-10-07T14:48-04:00
6800.0,83.4,84.1,46.0,111.0,P,2027-03-31,7803.91015625,2026-10-07T14:48-04:00
6805.0,84.1,84.6,,6.0,P,2027-03-31,7803.91015625,2026-10-07T14:48-04:00
6810.0,84.4,85.0,1.0,15.0,P,2027-03-31,7803.91015625,2026-10-07T14:48-04:00
6815.0,84.9,85.5,9.0,22.0,P,2027-03-31,7803.91015625,2026-10-07T14:48-04:00
6820.0,0.0,0.0,,1.0,P,2027-03-31,7803.91015625,2026-10-07T14:48-04:00
6825.0,85.8,86.3,14.0,34.0,P,2027-03-31,7803.91015625,2026-10-07T14:48-04:00
6830.0,86.4,86.8,5.0,25.0,P,2027-03-31,7803.91015625,2026-10-07T14:48-04:00
6835.0,86.6,87.2,3.0,7.0,P,2027-03-31,7803.91015625,2026-10-07T14:48-04:00
6840.0,0.0,0.0,14.0,0.0,P,2027-03-31,7803.91015625,2026-10-07T14:48-04:00
6845.0,87.5,88.1,263.0,289.0,P,2027-03-31,7803.91015625,2026-10-07T14:48-04:00
6850.0,88.0,88.6,2.0,48.0,P,2027-03-31,7803.91015625,2026-10-07T14:48-04:00
6855.0,114.4,116.0,2.0,10.0,P,2027-03-31,7803.91015625,2026-10-07T14:48-04:00
6860.0,89.1,89.6,2.0,30.0,P,2027-03-31,7803.91015625,2026-10-07T14:48-04:00
6865.0,0.0,0.0,2.0,0.0,P,2027-03-31,7803.91015625,2026-10-07T14:48-04:00
6870.0,0.0,0.0,14.0,0.0,P,2027-03-31,7803.91015625,2026-10-07T14:48-04:00
6875.0,90.4,90.9,1.0,156.0,P,2027-03-31,7803.91015625,2026-10-07T14:48-04:00
6880.0,91.0,91.5,1.0,16.0,P,2027-03-31,7803.91015625,2026-10-07T14:48-04:00
6885.0,91.3,91.8,40.0,39.0,P,2027-03-31,7803.91015625,2026-10-07T14:48-04:00
6890.0,91.7,92.3,4.0,14.0,P,2027-03-31,7803.91015625,2026-10-07T14:48-04:00
6895.0,118.9,120.6,2.0,10.0,P,2027-03-31,7803.91015625,2026-10-07T14:48-04:00
6900.0,92.7,93.3,3.0,354.0,P,2027-03-31,7803.91015625,2026-10-07T14:48-04:00
6905.0,93.4,93.9,10.0,11.0,P,2027-03-31,7803.91015625,2026-10-07T14:48-04:00
6910.0,93.7,94.2,2.0,35.0,P,2027-03-31,7803.91015625,2026-10-07T14:48-04:00
6915.0,94.1,94.7,2.0,4.0,P,2027-03-31,7803.91015625,2026-10-07T14:48-04:00
6920.0,101.3,102.3,4.0,0.0,P,2027-03-31,7803.91015625,2026-10-07T14:48-04:00
6925.0,95.2,95.7,42.0,35.0,P,2027-03-31,7803.91015625,2026-10-07T14:48-04:00
6930.0,95.6,96.3,6.0,33.0,P,2027-03-31,7803.91015625,2026-10-07T14:48-04:00
6935.0,96.3,96.8,390.0,1097.0,P,2027-03-31,7803.91015625,2026-10-07T14:48-04:00
6940.0,96.9,97.3,50.0,42.0,P,2027-03-31,7803.91015625,2026-10-07T14:48-04:00
6945.0,104.0,105.0,1.0,0.0,P,2027-03-31,7803.91015625,2026-10-07T14:48-04:00
6950.0,97.7,98.3,1.0,54.0,P,2027-03-31,7803.91015625,2026-10-07T14:48-04:00
6955.0,105.1,106.1,2.0,0.0,P,2027-03-31,7803.91015625,2026-10-07T14:48-04:00
6960.0,98.8,99.3,1.0,6.0,P,2027-03-31,7803.91015625,2026-10-07T14:48-04:00
6965.0,99.3,99.9,2.0,6.0,P,2027-03-31,7803.91015625,2026-10-07T14:48-04:00
6970.0,100.0,100.4,6.0,2.0,P,2027-03-31,7803.91015625,2026-10-07T14:48-04:00
6975.0,100.4,100.9,2.0,32.0,P,2027-03-31,7803.91015625,2026-10-07T14:48-04:00
6980.0,100.7,101.4,15.0,24.0,P,2027-03-31,7803.91015625,2026-10-07T14:48-04:00
6985.0,101.6,102.0,2.0,34.0,P,2027-03-31,7803.91015625,2026-10-07T14:48-04:00
6990.0,102.1,102.5,6.0,34.0,P,2027-03-31,7803.91015625,2026-10-07T14:48-04:00
6995.0,0.0,0.0,2.0,0.0,P,2027-03-31,7803.91015625,2026-10-07T14:48-04:00
7000.0,103.1,103.6,80.0,998.0,P,2027-03-31,7803.91015625,2026-10-07T14:48-04:00
7005.0,103.6,104.2,1.0,56.0,P,2027-03-31,7803.91015625,2026-10-07T14:48-04:00
7010.0,104.2,104.7,1.0,59.0,P,2027-03-31,7803.91015625,2026-10-07T14:48-04:00
7015.0,104.6,105.3,4.0,5.0,P,2027-03-31,7803.91015625,2026-10-07T14:48-04:00
7020.0,105.3,105.9,6.0,25.0,P,2027-03-31,7803.91015625,2026-10-07T14:48-04:00
7025.0,106.0,106.6,4.0,93.0,P,2027-03-31,7803.91015625,2026-10-07T14:48-04:00
7030.0,113.7,114.6,96.0,0.0,P,2027-03-31,7803.91015625,2026-10-07T14:48-04:00
7040.0,137.5,139.3,10.0,18.0,P,2027-03-31,7803.91015625,2026-10-07T14:48-04:00
7050.0,108.6,109.2,1.0,750.0,P,2027-03-31,7803.91015625,2026-10-07T14:48-04:00
7060.0,109.9,110.4,2.0,0.0,P,2027-03-31,7803.91015625,2026-10-07T14:48-04:00
7070.0,111.0,111.6,8.0,30.0,P,2027-03-31,7803.91015625,2026-10-07T14:48-04:00
7080.0,112.3,112.8,8.0,6.0,P,2027-03-31,7803.91015625,2026-10-07T14:48-04:00
7090.0,113.5,114.0,4.0,137.0,P,2027-03-31,7803.91015625,2026-10-07T14:48-04:00
7100.0,114.8,115.5,54.0,957.0,P,2027-03-31,7803.91015625,2026-10-07T14:48-04:00
7110.0,116.0,116.5,3.0,69.0,P,2027-03-31,7803.91015625,2026-10-07T14:48-04:00
7120.0,117.1,117.8,9.0,322.0,P,2027-03-31,7803.91015625,2026-10-07T14:48-04:00
7130.0,118.2,119.0,4.0,77.0,P,2027-03-31,7803.91015625,2026-10-07T14:48-04:00
7140.0,119.9,120.4,25.0,87.0,P,2027-03-31,7803.91015625,2026-10-07T14:48-04:00
7150.0,120.8,121.6,1.0,392.0,P,2027-03-31,7803.91015625,2026-10-07T14:48-04:00
7160.0,122.4,123.0,10.0,265.0,P,2027-03-31,7803.91015625,2026-10-07T14:48-04:00
7170.0,123.9,124.4,29.0,145.0,P,2027-03-31,7803.91015625,2026-10-07T14:48-04:00
7180.0,125.1,125.7,3.0,155.0,P,2027-03-31,7803.91015625,2026-10-07T14:48-04:00
7190.0,126.6,127.2,4.0,191.0,P,2027-03-31,7803.91015625,2026-10-07T14:48-04:00
7200.0,127.9,128.4,5.0,915.0,P,2027-03-31,7803.91015625,2026-10-07T14:48-04:00
7210.0,129.4,129.9,1.0,95.0,P,2027-03-31,7803.91015625,2026-10-07T14:48-04:00
7220.0,130.7,131.3,6.0,79.0,P,2027-03-31,7803.91015625,2026-10-07T14:48-04:00
7230.0,132.3,132.8,2.0,42.0,P,2027-03-31,7803.91015625,2026-10-07T14:48-04:00
7240.0,133.6,134.2,6.0,82.0,P,2027-03-31,7803.91015625,2026-10-07T14:48-04:00
7250.0,135.1,135.7,32.0,69.0,P,2027-03-31,7803.91015625,2026-10-07T14:48-04:00
7260.0,136.5,137.2,6.0,235.0,P,2027-03-31,7803.91015625,2026-10-07T14:48-04:00
7270.0,138.1,138.8,6.0,66.0,P,2027-03-31,7803.91015625,2026-10-07T14:48-04:00
7275.0,138.8,139.5,4.0,5.0,P,2027-03-31,7803.91015625,2026-10-07T14:48-04:00
7280.0,139.5,140.3,6.0,66.0,P,2027-03-31,7803.91015625,2026-10-07T14:48-04:00
7290.0,141.2,141.7,2.0,14.0,P,2027-03-31,7803.91015625,2026-10-07T14:48-04:00
7300.0,142.8,143.3,2.0,90.0,P,2027-03-31,7803.91015625,2026-10-07T14:48-04:00
7305.0,152.9,154.0,1.0,0.0,P,2027-03-31,7803.91015625,2026-10-07T14:48-04:00
7310.0,153.8,154.8,1.0,0.0,P,2027-03-31,7803.91015625,2026-10-07T14:48-04:00
7315.0,145.3,146.0,76.0,46.0,P,2027-03-31,7803.91015625,2026-10-07T14:48-04:00
7320.0,146.4,147.0,6.0,6.0,P,2027-03-31,7803.91015625,2026-10-07T14:48-04:00
7325.0,147.0,147.7,1.0,337.0,P,2027-03-31,7803.91015625,2026-10-07T14:48-04:00
7330.0,147.6,148.5,2.0,214.0,P,2027-03-31,7803.91015625,2026-10-07T14:48-04:00
7335.0,148.8,149.3,28.0,94.0,P,2027-03-31,7803.91015625,2026-10-07T14:48-04:00
7340.0,149.5,150.1,3.0,11.0,P,2027-03-31,7803.91015625,2026-10-07T14:48-04:00
7345.0,150.4,151.1,4.0,13.0,P,2027-03-31,7803.91015625,2026-10-07T14:48-04:00
7350.0,151.3,151.8,93.0,505.0,P,2027-03-31,7803.91015625,2026-10-07T14:48-04:00
7355.0,152.1,152.7,8.0,6.0,P,2027-03-31,7803.91015625,2026-10-07T14:48-04:00
7360.0,153.0,153.6,200.0,202.0,P,2027-03-31,7803.91015625,2026-10-07T14:48-04:00
7365.0,153.8,154.4,100.0,93.0,P,2027-03-31,7803.91015625,2026-10-07T14:48-04:00
7370.0,154.5,155.3,2.0,14.0,P,2027-03-31,7803.91015625,2026-10-07T14:48-04:00
7375.0,155.6,156.2,4.0,24.0,P,2027-03-31,7803.91015625,2026-10-07T14:48-04:00
7380.0,156.5,157.2,12.0,96.0,P,2027-03-31,7803.91015625,2026-10-07T14:48-04:00
7385.0,157.2,157.9,33.0,41.0,P,2027-03-31,7803.91015625,2026-10-07T14:48-04:00
7390.0,158.1,158.9,4.0,16.0,P,2027-03-31,7803.91015625,2026-10-07T14:48-04:00
7395.0,159.0,159.9,1.0,20.0,P,2027-03-31,7803.91015625,2026-10-07T14:48-04:00
7400.0,160.1,160.8,14.0,160.0,P,2027-03-31,7803.91015625,2026-10-07T14:48-04:00
7405.0,161.0,161.7,1.0,33.0,P,2027-03-31,7803.91015625,2026-10-07T14:48-04:00
7410.0,172.3,173.4,4.0,0.0,P,2027-03-31,7803.91015625,2026-10-07T14:48-04:00
7415.0,298.6,300.2,1.0,2.0,P,2027-03-31,7803.91015625,2026-10-07T14:48-04:00
7420.0,163.6,164.3,6.0,8.0,P,2027-03-31,7803.91015625,2026-10-07T14:48-04:00
7425.0,164.8,165.5,1.0,152.0,P,2027-03-31,7803.91015625,2026-10-07T14:48-04:00
7430.0,165.8,166.5,2.0,13.0,P,2027-03-31,7803.91015625,2026-10-07T14:48-04:00
7435.0,166.5,167.2,4.0,38.0,P,2027-03-31,7803.91015625,2026-10-07T14:48-04:00
7440.0,167.7,168.4,4.0,7.0,P,2027-03-31,7803.91015625,2026-10-07T14:48-04:00
7445.0,179.2,180.3,1.0,0.0,P,2027-03-31,7803.91015625,2026-10-07T14:48-04:00
7450.0,169.7,170.4,11.0,94.0,P,2027-03-31,7803.91015625,2026-10-07T14:48-04:00
7455.0,212.9,214.9,,2.0,P,2027-03-31,7803.91015625,2026-10-07T14:48-04:00
7460.0,171.4,172.3,10.0,18.0,P,2027-03-31,7803.91015625,2026-10-07T14:48-04:00
7465.0,172.7,173.4,2.0,15.0,P,2027-03-31,7803.91015625,2026-10-07T14:48-04:00
7470.0,0.0,0.0,,0.0,P,2027-03-31,7803.91015625,2026-10-07T14:48-04:00
7475.0,174.6,175.3,1.0,87.0,P,2027-03-31,7803.91015625,2026-10-07T14:48-04:00
7480.0,175.8,176.4,2.0,10.0,P,2027-03-31,7803.91015625,2026-10-07T14:48-04:00
7485.0,176.5,177.4,16.0,31.0,P,2027-03-31,7803.91015625,2026-10-07T14:48-04:00
7490.0,177.7,178.4,1.0,27.0,P,2027-03-31,7803.91015625,2026-10-07T14:48-04:00
7495.0,178.9,179.6,1.0,10.0,P,2027-03-31,7803.91015625,2026-10-07T14:48-04:00
7500.0,179.8,180.5,8.0,683.0,P,2027-03-31,7803.91015625,2026-10-07T14:48-04:00
7505.0,192.2,193.3,299.0,0.0,P,2027-03-31,7803.91015625,2026-10-07T14:48-04:00
7510.0,182.0,182.7,1.0,33.0,P,2027-03-31,7803.91015625,2026-10-07T14:48-04:00
7515.0,183.1,183.8,24.0,249.0,P,2027-03-31,7803.91015625,2026-10-07T14:48-04:00
7520.0,184.1,184.8,2.0,48.0,P,2027-03-31,7803.91015625,2026-10-07T14:48-04:00
7525.0,185.2,185.8,1.0,243.0,P,2027-03-31,7803.91015625,2026-10-07T14:48-04:00
7530.0,186.4,187.1,10.0,87.0,P,2027-03-31,7803.91015625,2026-10-07T14:48-04:00
7535.0,198.9,200.0,2.0,0.0,P,2027-03-31,7803.91015625,2026-10-07T14:48-04:00
7540.0,188.7,189.3,10.0,20.0,P,2027-03-31,7803.91015625,2026-10-07T14:48-04:00
7545.0,189.7,190.4,1.0,77.0,P,2027-03-31,7803.91015625,2026-10-07T14:48-04:00
7550.0,190.8,191.5,2.0,332.0,P,2027-03-31,7803.91015625,2026-10-07T14:48-04:00
7555.0,192.0,192.6,4.0,76.0,P,2027-03-31,7803.91015625,2026-10-07T14:48-04:00
7560.0,193.1,193.7,10.0,80.0,P,2027-03-31,7803.91015625,2026-10-07T14:48-04:00
7565.0,194.2,194.8,2.0,51.0,P,2027-03-31,7803.91015625,2026-10-07T14:48-04:00
7570.0,195.5,196.1,2.0,14.0,P,2027-03-31,7803.91015625,2026-10-07T14:48-04:00
7575.0,196.7,197.4,12.0,59.0,P,2027-03-31,7803.91015625,2026-10-07T14:48-04:00
7580.0,197.8,198.5,4.0,31.0,P,2027-03-31,7803.91015625,2026-10-07T14:48-04:00
7585.0,198.9,199.6,7.0,57.0,P,2027-03-31,7803.91015625,2026-10-07T14:48-04:00
7590.0,200.1,200.8,4.0,50.0,P,2027-03-31,7803.91015625,2026-10-07T14:48-04:00
7595.0,201.4,202.1,10.0,40.0,P,2027-03-31,7803.91015625,2026-10-07T14:48-04:00
7600.0,202.6,203.3,11.0,484.0,P,2027-03-31,7803.91015625,2026-10-07T14:48-04:00
7605.0,203.7,204.4,4.0,9.0,P,2027-03-31,7803.91015625,2026-10-07T14:48-04:00
7610.0,205.0,205.7,4.0,21.0,P,2027-03-31,7803.91015625,2026-10-07T14:48-04:00
7615.0,206.1,206.8,4.0,20.0,P,2027-03-31,7803.91015625,2026-10-07T14:48-04:00
7620.0,207.6,208.3,4.0,63.0,P,2027-03-31,7803.91015625,2026-10-07T14:48-04:00
7625.0,208.8,209.5,2.0,140.0,P,2027-03-31,7803.91015625,2026-10-07T14:48-04:00
7630.0,209.7,210.7,4.0,12.0,P,2027-03-31,7803.91015625,2026-10-07T14:48-04:00
7635.0,211.3,212.0,2.0,40.0,P,2027-03-31,7803.91015625,2026-10-07T14:48-04:00
7640.0,212.6,213.3,2.0,52.0,P,2027-03-31,7803.91015625,2026-10-07T14:48-04:00
7645.0,213.9,214.6,4.0,15.0,P,2027-03-31,7803.91015625,2026-10-07T14:48-04:00
7650.0,214.8,215.8,1.0,158.0,P,2027-03-31,7803.91015625,2026-10-07T14:48-04:00
7655.0,216.1,217.2,3.0,11.0,P,2027-03-31,7803.91015625,2026-10-07T14:48-04:00
7660.0,217.9,218.6,30.0,38.0,P,2027-03-31,7803.91015625,2026-10-07T14:48-04:00
7665.0,218.8,219.8,1.0,144.0,P,2027-03-31,7803.91015625,2026-10-07T14:48-04:00
7670.0,220.5,221.3,5.0,144.0,P,2027-03-31,7803.91015625,2026-10-07T14:48-04:00
7675.0,221.5,222.5,40.0,195.0,P,2027-03-31,7803.91015625,2026-10-07T14:48-04:00
7680.0,223.2,223.9,4.0,33.0,P,2027-03-31,7803.91015625,2026-10-07T14:48-04:00
7685.0,224.2,225.2,1.0,14.0,P,2027-03-31,7803.91015625,2026-10-07T14:48-04:00
7690.0,225.9,226.6,50.0,164.0,P,2027-03-31,7803.91015625,2026-10-07T14:48-04:00
7695.0,227.3,228.0,2.0,6.0,P,2027-03-31,7803.91015625,2026-10-07T14:48-04:00
7700.0,228.7,229.4,3.0,76.0,P,2027-03-31,7803.91015625,2026-10-07T14:48-04:00
7705.0,229.8,230.8,1.0,6.0,P,2027-03-31,7803.91015625,2026-10-07T14:48-04:00
7710.0,231.2,232.2,1.0,35.0,P,2027-03-31,7803.91015625,2026-10-07T14:48-04:00
7715.0,233.0,233.8,1.0,2.0,P,2027-03-31,7803.91015625,2026-10-07T14:48-04:00
7720.0,234.4,235.1,1.0,75.0,P,2027-03-31,7803.91015625,2026-10-07T14:48-04:00
7725.0,235.9,236.7,20.0,247.0,P,2027-03-31,7803.91015625,2026-10-07T14:48-04:00
7730.0,237.0,238.0,1.0,172.0,P,2027-03-31,7803.91015625,2026-10-07T14:48-04:00
7735.0,238.9,239.6,11.0,25.0,P,2027-03-31,7803.91015625,2026-10-07T14:48-04:00
7740.0,240.2,241.0,1.0,36.0,P,2027-03-31,7803.91015625,2026-10-07T14:48-04:00
7745.0,241.7,242.5,2.0,8.0,P,2027-03-31,7803.91015625,2026-10-07T14:48-04:00
7750.0,242.9,243.9,1.0,503.0,P,2027-03-31,7803.91015625,2026-10-07T14:48-04:00
7755.0,244.8,245.5,6.0,86.0,P,2027-03-31,7803.91015625,2026-10-07T14:48-04:00
7760.0,246.4,247.2,31.0,49.0,P,2027-03-31,7803.91015625,2026-10-07T14:48-04:00
7765.0,247.8,248.6,9.0,18.0,P,2027-03-31,7803.91015625,2026-10-07T14:48-04:00
7770.0,249.5,250.3,1.0,39.0,P,2027-03-31,7803.91015625,2026-10-07T14:48-04:00
7775.0,251.0,251.7,8.0,100.0,P,2027-03-31,7803.91015625,2026-10-07T14:48-04:00
7780.0,252.5,253.3,6.0,179.0,P,2027-03-31,7803.91015625,2026-10-07T14:48-04:00
7785.0,254.3,255.0,168.0,170.0,P,2027-03-31,7803.91015625,2026-10-07T14:48-04:00
7790.0,255.8,256.6,3.0,7.0,P,2027-03-31,7803.91015625,2026-10-07T14:48-04:00
7795.0,257.4,258.2,2.0,20.0,P,2027-03-31,7803.91015625,2026-10-07T14:48-04:00
7800.0,259.0,259.7,35.0,164.0,P,2027-03-31,7803.91015625,2026-10-07T14:48-04:00
7805.0,260.7,261.5,1.0,11.0,P,2027-03-31,7803.91015625,2026-10-07T14:48-04:00
7810.0,262.4,263.1,46.0,76.0,P,2027-03-31,7803.91015625,2026-10-07T14:48-04:00
7815.0,263.6,264.7,1.0,29.0,P,2027-03-31,7803.91015625,2026-10-07T14:48-04:00
7820.0,265.2,266.4,1.0,16.0,P,2027-03-31,7803.91015625,2026-10-07T14:48-04:00
7825.0,267.4,268.2,10.0,165.0,P,2027-03-31,7803.91015625,2026-10-07T14:48-04:00
7830.0,269.0,269.7,2.0,9.0,P,2027-03-31,7803.91015625,2026-10-07T14:48-04:00
7835.0,270.3,271.5,1.0,30.0,P,2027-03-31,7803.91015625,2026-10-07T14:48-04:00
7840.0,272.4,273.1,1.0,12.0,P,2027-03-31,7803.91015625,2026-10-07T14:48-04:00
7845.0,274.3,275.0,1.0,15.0,P,2027-03-31,7803.91015625,2026-10-07T14:48-04:00
7850.0,276.0,276.8,1.0,140.0,P,2027-03-31,7803.91015625,2026-10-07T14:48-04:00
7855.0,277.8,278.6,8.0,52.0,P,2027-03-31,7803.91015625,2026-10-07T14:48-04:00
7860.0,279.5,280.3,2.0,12.0,P,2027-03-31,7803.91015625,2026-10-07T14:48-04:00
7870.0,283.1,283.9,142.0,113.0,P,2027-03-31,7803.91015625,2026-10-07T14:48-04:00
7875.0,285.0,285.7,1.0,62.0,P,2027-03-31,7803.91015625,2026-10-07T14:48-04:00
7880.0,286.8,287.6,15.0,16.0,P,2027-03-31,7803.91015625,2026-10-07T14:48-04:00
7890.0,290.5,291.2,50.0,146.0,P,2027-03-31,7803.91015625,2026-10-07T14:48-04:00
7900.0,294.1,294.9,1.0,105.0,P,2027-03-31,7803.91015625,2026-10-07T14:48-04:00
7910.0,297.6,298.6,20.0,80.0,P,2027-03-31,7803.91015625,2026-10-07T14:48-04:00
7920.0,301.8,302.6,22.0,34.0,P,2027-03-31,7803.91015625,2026-10-07T14:48-04:00
7925.0,303.8,304.5,2.0,69.0,P,2027-03-31,7803.91015625,2026-10-07T14:48-04:00
7930.0,305.9,306.7,2.0,58.0,P,2027-03-31,7803.91015625,2026-10-07T14:48-04:00
7950.0,313.7,314.5,21.0,298.0,P,2027-03-31,7803.91015625,2026-10-07T14:48-04:00
7960.0,379.0,381.3,,10.0,P,2027-03-31,7803.91015625,2026-10-07T14:48-04:00
7975.0,324.1,324.9,1.0,49.0,P,2027-03-31,7803.91015625,2026-10-07T14:48-04:00
7980.0,325.8,326.9,53.0,30.0,P,2027-03-31,7803.91015625,2026-10-07T14:48-04:00
7990.0,330.7,331.5,2.0,40.0,P,2027-03-31,7803.91015625,2026-10-07T14:48-04:00
8000.0,335.0,335.8,20.0,198.0,P,2027-03-31,7803.91015625,2026-10-07T14:48-04:00
8010.0,339.4,340.2,2.0,14.0,P,2027-03-31,7803.91015625,2026-10-07T14:48-04:00
8020.0,343.9,344.7,1.0,28.0,P,2027-03-31,7803.91015625,2026-10-07T14:48-04:00
8025.0,346.0,346.7,6.0,36.0,P,2027-03-31,7803.91015625,2026-10-07T14:48-04:00
8030.0,411.8,414.2,3.0,1.0,P,2027-03-31,7803.91015625,2026-10-07T14:48-04:00
8050.0,357.5,358.3,2.0,19.0,P,2027-03-31,7803.91015625,2026-10-07T14:48-04:00
8060.0,426.9,429.2,8.0,23.0,P,2027-03-31,7803.91015625,2026-10-07T14:48-04:00
8070.0,367.1,367.8,10.0,23.0,P,2027-03-31,7803.91015625,2026-10-07T14:48-04:00
8075.0,369.5,370.3,20.0,36.0,P,2027-03-31,7803.91015625,2026-10-07T14:48-04:00
8080.0,372.0,372.8,2.0,20.0,P,2027-03-31,7803.91015625,2026-10-07T14:48-04:00
8090.0,376.2,377.5,1.0,39.0,P,2027-03-31,7803.91015625,2026-10-07T14:48-04:00
8100.0,381.7,382.5,3.0,115.0,P,2027-03-31,7803.91015625,2026-10-07T14:48-04:00
8120.0,392.0,392.8,1.0,1.0,P,2027-03-31,7803.91015625,2026-10-07T14:48-04:00
8125.0,393.9,395.1,2.0,206.0,P,2027-03-31,7803.91015625,2026-10-07T14:48-04:00
8150.0,407.0,408.2,1.0,164.0,P,2027-03-31,7803.91015625,2026-10-07T14:48-04:00
8175.0,421.2,422.0,2.0,12.0,P,2027-03-31,7803.91015625,2026-10-07T14:48-04:00
8200.0,434.3,435.7,6.0,33.0,P,2027-03-31,7803.91015625,2026-10-07T14:48-04:00
8225.0,449.4,450.2,1.0,38.0,P,2027-03-31,7803.91015625,2026-10-07T14:48-04:00
8250.0,464.1,464.9,1.0,21.0,P,2027-03-31,7803.91015625,2026-10-07T14:48-04:00
8275.0,479.3,480.0,2.0,6.0,P,2027-03-31,7803.91015625,2026-10-07T14:48-04:00
8300.0,494.6,495.4,1.0,34.0,P,2027-03-31,7803.91015625,2026-10-07T14:48-04:00
8325.0,510.7,511.5,1.0,7.0,P,2027-03-31,7803.91015625,2026-10-07T14:48-04:00
8350.0,525.6,530.1,3.0,49.0,P,2027-03-31,7803.91015625,2026-10-07T14:48-04:00
8375.0,541.7,546.3,3.0,2.0,P,2027-03-31,7803.91015625,2026-10-07T14:48-04:00
8400.0,558.7,563.3,1.0,25.0,P,2027-03-31,7803.91015625,2026-10-07T14:48-04:00
8425.0,587.7,608.4,1.0,0.0,P,2027-03-31,7803.91015625,2026-10-07T14:48-04:00
8450.0,594.4,599.2,5.0,6.0,P,2027-03-31,7803.91015625,2026-10-07T14:48-04:00
8475.0,611.9,616.7,1.0,7.0,P,2027-03-31,7803.91015625,2026-10-07T14:48-04:00
8500.0,631.5,635.8,1.0,5.0,P,2027-03-31,7803.91015625,2026-10-07T14:48-04:00
8550.0,679.5,700.5,22.0,0.0,P,2027-03-31,7803.91015625,2026-10-07T14:48-04:00
8600.0,718.0,739.3,4.0,0.0,P,2027-03-31,7803.91015625,2026-10-07T14:48-04:00
8650.0,746.9,752.3,,2.0,P,2027-03-31,7803.91015625,2026-10-07T14:48-04:00
8700.0,787.9,793.3,1.0,14.0,P,2027-03-31,7803.91015625,2026-10-07T14:48-04:00
8750.0,829.8,835.3,2.0,123.0,P,2027-03-31,7803.91015625,2026-10-07T14:48-04:00
8800.0,882.5,904.3,54.0,0.0,P,2027-03-31,7803.91015625,2026-10-07T14:48-04:00
9000.0,1058.9,1080.7,4.0,0.0,P,2027-03-31,7803.91015625,2026-10-07T14:48-04:00
9100.0,1150.5,1172.1,2.0,0.0,P,2027-03-31,7803.91015625,2026-10-07T14:48-04:00
3600.0,4253.9,4277.9,,0.0,C,2027-06-30,7803.91015625,2026-10-07T14:48-04:00
4400.0,3493.2,3517.2,2.0,0.0,C,2027-06-30,7803.91015625,2026-10-07T14:48-04:00
4500.0,3398.5,3422.5,,0.0,C,2027-06-30,7803.91015625,2026-10-07T14:48-04:00
5850.0,0.0,0.0,,0.0,C,2027-06-30,7803.91015625,2026-10-07T14:48-04:00
5900.0,2091.7,2115.7,3.0,0.0,C,2027-06-30,7803.91015625,2026-10-07T14:48-04:00
6000.0,2014.8,2036.7,2.0,15.0,C,2027-06-30,7803.91015625,2026-10-07T14:48-04:00
6325.0,1727.5,1736.3,,1.0,C,2027-06-30,7803.91015625,2026-10-07T14:48-04:00
6350.0,1704.1,1714.5,,1.0,C,2027-06-30,7803.91015625,2026-10-07T14:48-04:00
6500.0,1572.8,1581.2,1.0,13.0,C,2027-06-30,7803.91015625,2026-10-07T14:48-04:00
6550.0,1528.0,1537.9,1.0,11.0,C,2027-06-30,7803.91015625,2026-10-07T14:48-04:00
6565.0,0.0,0.0,2.0,0.0,C,2027-06-30,7803.91015625,2026-10-07T14:48-04:00
6580.0,0.0,0.0,2.0,0.0,C,2027-06-30,7803.91015625,2026-10-07T14:48-04:00
6615.0,0.0,0.0,2.0,0.0,C,2027-06-30,7803.91015625,2026-10-07T14:48-04:00
6650.0,1442.3,1450.4,,1.0,C,2027-06-30,7803.91015625,2026-10-07T14:48-04:00
6675.0,1420.8,1428.8,,2.0,C,2027-06-30,7803.91015625,2026-10-07T14:48-04:00
6700.0,1399.3,1407.3,,1.0,C,2027-06-30,7803.91015625,2026-10-07T14:48-04:00
6735.0,0.0,0.0,46.0,0.0,C,2027-06-30,7803.91015625,2026-10-07T14:48-04:00
6750.0,1340.0,1364.0,1.0,0.0,C,2027-06-30,7803.91015625,2026-10-07T14:48-04:00
6765.0,0.0,0.0,2.0,0.0,C,2027-06-30,7803.91015625,2026-10-07T14:48-04:00
6785.0,0.0,0.0,8.0,0.0,C,2027-06-30,7803.91015625,2026-10-07T14:48-04:00
6800.0,1243.0,1282.3,2.0,2.0,C,2027-06-30,7803.91015625,2026-10-07T14:48-04:00
6820.0,0.0,0.0,2.0,0.0,C,2027-06-30,7803.91015625,2026-10-07T14:48-04:00
6830.0,1218.0,1257.4,,1.0,C,2027-06-30,7803.91015625,2026-10-07T14:48-04:00
6840.0,1264.1,1288.1,,0.0,C,2027-06-30,7803.91015625,2026-10-07T14:48-04:00
6850.0,1271.8,1279.4,,1.0,C,2027-06-30,7803.91015625,2026-10-07T14:48-04:00
6855.0,1197.4,1236.8,,1.0,C,2027-06-30,7803.91015625,2026-10-07T14:48-04:00
6875.0,1180.7,1220.2,2.0,1.0,C,2027-06-30,7803.91015625,2026-10-07T14:48-04:00
6900.0,1160.7,1200.1,116.0,60.0,C,2027-06-30,7803.91015625,2026-10-07T14:48-04:00
6910.0,1152.1,1191.6,54.0,27.0,C,2027-06-30,7803.91015625,2026-10-07T14:48-04:00
6920.0,1144.0,1183.5,2.0,1.0,C,2027-06-30,7803.91015625,2026-10-07T14:48-04:00
6930.0,1204.8,1212.3,,1.0,C,2027-06-30,7803.91015625,2026-10-07T14:48-04:00
6950.0,0.0,0.0,,0.0,C,2027-06-30,7803.91015625,2026-10-07T14:48-04:00
6970.0,0.0,0.0,,0.0,C,2027-06-30,7803.91015625,2026-10-07T14:48-04:00
6980.0,1095.5,1134.7,32.0,16.0,C,2027-06-30,7803.91015625,2026-10-07T14:48-04:00
7000.0,1146.0,1154.6,1.0,128.0,C,2027-06-30,7803.91015625,2026-10-07T14:48-04:00
7025.0,1126.4,1133.7,5.0,8.0,C,2027-06-30,7803.91015625,2026-10-07T14:48-04:00
7050.0,1105.9,1113.2,15.0,16.0,C,2027-06-30,7803.91015625,2026-10-07T14:48-04:00
7060.0,1097.7,1105.0,,1.0,C,2027-06-30,7803.91015625,2026-10-07T14:48-04:00
7075.0,1085.5,1092.7,2.0,1.0,C,2027-06-30,7803.91015625,2026-10-07T14:48-04:00
7080.0,1081.5,1088.7,2.0,6.0,C,2027-06-30,7803.91015625,2026-10-07T14:48-04:00
7090.0,1073.4,1080.5,2.0,12.0,C,2027-06-30,7803.91015625,2026-10-07T14:48-04:00
7100.0,1065.3,1072.4,1.0,3.0,C,2027-06-30,7803.91015625,2026-10-07T14:48-04:00
7110.0,1057.2,1064.3,2.0,2.0,C,2027-06-30,7803.91015625,2026-10-07T14:48-04:00
7125.0,1045.0,1052.2,2.0,31.0,C,2027-06-30,7803.91015625,2026-10-07T14:48-04:00
7130.0,1041.0,1048.1,2.0,6.0,C,2027-06-30,7803.91015625,2026-10-07T14:48-04:00
7140.0,1033.0,1040.1,2.0,5.0,C,2027-06-30,7803.91015625,2026-10-07T14:48-04:00
7150.0,1024.1,1032.5,2.0,6.0,C,2027-06-30,7803.91015625,2026-10-07T14:48-04:00
7160.0,1017.0,1024.0,2.0,2.0,C,2027-06-30,7803.91015625,2026-10-07T14:48-04:00
7175.0,1004.1,1012.3,2.0,63.0,C,2027-06-30,7803.91015625,2026-10-07T14:48-04:00
7180.0,1001.0,1007.9,2.0,4.0,C,2027-06-30,7803.91015625,2026-10-07T14:48-04:00
7190.0,929.5,968.7,2.0,1.0,C,2027-06-30,7803.91015625,2026-10-07T14:48-04:00
7200.0,985.0,992.0,2.0,87.0,C,2027-06-30,7803.91015625,2026-10-07T14:48-04:00
7210.0,977.1,984.1,2.0,5.0,C,2027-06-30,7803.91015625,2026-10-07T14:48-04:00
7220.0,955.6,979.6,,0.0,C,2027-06-30,7803.91015625,2026-10-07T14:48-04:00
7225.0,965.3,972.2,2.0,6.0,C,2027-06-30,7803.91015625,2026-10-07T14:48-04:00
7230.0,961.3,968.2,,1.0,C,2027-06-30,7803.91015625,2026-10-07T14:48-04:00
7240.0,953.4,960.3,2.0,2.0,C,2027-06-30,7803.91015625,2026-10-07T14:48-04:00
7250.0,944.8,952.9,8.0,9.0,C,2027-06-30,7803.91015625,2026-10-07T14:48-04:00
7260.0,937.7,944.5,2.0,3.0,C,2027-06-30,7803.91015625,2026-10-07T14:48-04:00
7270.0,0.0,0.0,7.0,0.0,C,2027-06-30,7803.91015625,2026-10-07T14:48-04:00
7275.0,925.9,932.7,2.0,3.0,C,2027-06-30,7803.91015625,2026-10-07T14:48-04:00
7280.0,922.0,928.8,2.0,4.0,C,2027-06-30,7803.91015625,2026-10-07T14:48-04:00
7285.0,905.1,929.1,2.0,0.0,C,2027-06-30,7803.91015625,2026-10-07T14:48-04:00
7290.0,914.2,921.0,2.0,1.0,C,2027-06-30,7803.91015625,2026-10-07T14:48-04:00
7300.0,906.4,913.2,1.0,40.0,C,2027-06-30,7803.91015625,2026-10-07T14:48-04:00
7305.0,902.6,909.3,,1.0,C,2027-06-30,7803.91015625,2026-10-07T14:48-04:00
7315.0,894.8,901.5,8.0,5.0,C,2027-06-30,7803.91015625,2026-10-07T14:48-04:00
7320.0,878.0,902.0,4.0,0.0,C,2027-06-30,7803.91015625,2026-10-07T14:48-04:00
7325.0,887.1,893.8,2.0,5.0,C,2027-06-30,7803.91015625,2026-10-07T14:48-04:00
7335.0,866.7,890.7,,0.0,C,2027-06-30,7803.91015625,2026-10-07T14:48-04:00
7345.0,870.9,878.8,4.0,13.0,C,2027-06-30,7803.91015625,2026-10-07T14:48-04:00
7350.0,867.0,874.9,2.0,489.0,C,2027-06-30,7803.91015625,2026-10-07T14:48-04:00
7355.0,864.0,870.6,1.0,54.0,C,2027-06-30,7803.91015625,2026-10-07T14:48-04:00
7360.0,860.1,866.7,2.0,4.0,C,2027-06-30,7803.91015625,2026-10-07T14:48-04:00
7365.0,844.0,868.0,4.0,0.0,C,2027-06-30,7803.91015625,2026-10-07T14:48-04:00
7370.0,851.7,859.5,8.0,7.0,C,2027-06-30,7803.91015625,2026-10-07T14:48-04:00
7375.0,847.9,855.7,4.0,24.0,C,2027-06-30,7803.91015625,2026-10-07T14:48-04:00
7380.0,844.1,851.9,2.0,5.0,C,2027-06-30,7803.91015625,2026-10-07T14:48-04:00
7385.0,841.0,847.6,2.0,3.0,C,2027-06-30,7803.91015625,2026-10-07T14:48-04:00
7390.0,837.2,843.7,4.0,6.0,C,2027-06-30,7803.91015625,2026-10-07T14:48-04:00
7395.0,833.4,840.0,,7.0,C,2027-06-30,7803.91015625,2026-10-07T14:48-04:00
7400.0,828.9,836.6,4.0,363.0,C,2027-06-30,7803.91015625,2026-10-07T14:48-04:00
7405.0,813.9,837.9,3.0,0.0,C,2027-06-30,7803.91015625,2026-10-07T14:48-04:00
7410.0,821.3,829.0,,3.0,C,2027-06-30,7803.91015625,2026-10-07T14:48-04:00
7420.0,775.5,778.0,64.0,32.0,C,2027-06-30,7803.91015625,2026-10-07T14:48-04:00
7425.0,810.7,817.2,6.0,11.0,C,2027-06-30,7803.91015625,2026-10-07T14:48-04:00
7430.0,806.2,813.9,2.0,6.0,C,2027-06-30,7803.91015625,2026-10-07T14:48-04:00
7435.0,802.4,810.1,,3.0,C,2027-06-30,7803.91015625,2026-10-07T14:48-04:00
7440.0,798.7,806.3,3.0,98.0,C,2027-06-30,7803.91015625,2026-10-07T14:48-04:00
7445.0,794.9,802.6,6.0,7.0,C,2027-06-30,7803.91015625,2026-10-07T14:48-04:00
7450.0,791.2,798.8,2.0,1016.0,C,2027-06-30,7803.91015625,2026-10-07T14:48-04:00
7455.0,787.4,795.1,3.0,5.0,C,2027-06-30,7803.91015625,2026-10-07T14:48-04:00
7460.0,783.7,791.3,2.0,1.0,C,2027-06-30,7803.91015625,2026-10-07T14:48-04:00
7465.0,780.0,787.6,1.0,4.0,C,2027-06-30,7803.91015625,2026-10-07T14:48-04:00
7470.0,776.3,783.9,2.0,11.0,C,2027-06-30,7803.91015625,2026-10-07T14:48-04:00
7475.0,773.6,781.2,3.0,129.0,C,2027-06-30,7803.91015625,2026-10-07T14:48-04:00
7480.0,768.8,776.4,2.0,124.0,C,2027-06-30,7803.91015625,2026-10-07T14:48-04:00
7485.0,765.8,772.2,2.0,9.0,C,2027-06-30,7803.91015625,2026-10-07T14:48-04:00
7490.0,761.4,769.0,4.0,9.0,C,2027-06-30,7803.91015625,2026-10-07T14:48-04:00
7495.0,762.5,770.1,3.0,6.0,C,2027-06-30,7803.91015625,2026-10-07T14:48-04:00
7500.0,758.7,767.0,1.0,1077.0,C,2027-06-30,7803.91015625,2026-10-07T14:48-04:00
7505.0,755.0,755.9,3.0,5.0,C,2027-06-30,7803.91015625,2026-10-07T14:48-04:00
7510.0,751.1,752.0,,4.0,C,2027-06-30,7803.91015625,2026-10-07T14:48-04:00
7515.0,747.7,748.6,2.0,6.0,C,2027-06-30,7803.91015625,2026-10-07T14:48-04:00
7520.0,0.0,0.0,4.0,0.0,C,2027-06-30,7803.91015625,2026-10-07T14:48-04:00
7525.0,740.3,748.6,2.0,1435.0,C,2027-06-30,7803.91015625,2026-10-07T14:48-04:00
7530.0,736.4,737.3,3.0,12.0,C,2027-06-30,7803.91015625,2026-10-07T14:48-04:00
7535.0,732.8,733.7,4.0,9.0,C,2027-06-30,7803.91015625,2026-10-07T14:48-04:00
7540.0,729.1,730.0,4.0,15.0,C,2027-06-30,7803.91015625,2026-10-07T14:48-04:00
7545.0,725.5,726.4,1.0,4.0,C,2027-06-30,7803.91015625,2026-10-07T14:48-04:00
7550.0,721.9,722.8,86.0,61.0,C,2027-06-30,7803.91015625,2026-10-07T14:48-04:00
7560.0,714.7,715.6,1.0,12.0,C,2027-06-30,7803.91015625,2026-10-07T14:48-04:00
7570.0,707.3,708.3,3.0,4.0,C,2027-06-30,7803.91015625,2026-10-07T14:48-04:00
7575.0,704.1,705.0,4.0,1631.0,C,2027-06-30,7803.91015625,2026-10-07T14:48-04:00
7580.0,700.1,701.0,1.0,1.0,C,2027-06-30,7803.91015625,2026-10-07T14:48-04:00
7590.0,693.2,701.2,2.0,21.0,C,2027-06-30,7803.91015625,2026-10-07T14:48-04:00
7600.0,685.8,686.8,1.0,82.0,C,2027-06-30,7803.91015625,2026-10-07T14:48-04:00
7625.0,668.0,668.9,2.0,33.0,C,2027-06-30,7803.91015625,2026-10-07T14:48-04:00
7650.0,650.2,651.3,3.0,103.0,C,2027-06-30,7803.91015625,2026-10-07T14:48-04:00
7660.0,643.3,644.3,6.0,6.0,C,2027-06-30,7803.91015625,2026-10-07T14:48-04:00
7670.0,636.3,637.3,4.0,2.0,C,2027-06-30,7803.91015625,2026-10-07T14:48-04:00
7675.0,632.8,633.8,4.0,72.0,C,2027-06-30,7803.91015625,2026-10-07T14:48-04:00
7680.0,629.4,630.3,2.0,1.0,C,2027-06-30,7803.91015625,2026-10-07T14:48-04:00
7700.0,615.5,616.5,1.0,54.0,C,2027-06-30,7803.91015625,2026-10-07T14:48-04:00
7710.0,609.0,617.5,1.0,1.0,C,2027-06-30,7803.91015625,2026-10-07T14:48-04:00
7720.0,601.8,602.8,1.0,1.0,C,2027-06-30,7803.91015625,2026-10-07T14:48-04:00
7725.0,598.4,599.4,4.0,29.0,C,2027-06-30,7803.91015625,2026-10-07T14:48-04:00
7730.0,595.0,596.0,4.0,2.0,C,2027-06-30,7803.91015625,2026-10-07T14:48-04:00
7750.0,581.7,582.7,6.0,134.0,C,2027-06-30,7803.91015625,2026-10-07T14:48-04:00
7760.0,574.8,575.8,2.0,1.0,C,2027-06-30,7803.91015625,2026-10-07T14:48-04:00
7775.0,565.0,572.1,2.0,83.0,C,2027-06-30,7803.91015625,2026-10-07T14:48-04:00
7780.0,561.5,562.4,6.0,112.0,C,2027-06-30,7803.91015625,2026-10-07T14:48-04:00
7800.0,548.3,549.2,3.0,197.0,C,2027-06-30,7803.91015625,2026-10-07T14:48-04:00
7825.0,532.1,539.4,7.0,185.0,C,2027-06-30,7803.91015625,2026-10-07T14:48-04:00
7830.0,528.7,529.7,3.0,3.0,C,2027-06-30,7803.91015625,2026-10-07T14:48-04:00
7850.0,516.0,516.9,1.0,67.0,C,2027-06-30,7803.91015625,2026-10-07T14:48-04:00
7855.0,512.6,513.6,2.0,33.0,C,2027-06-30,7803.91015625,2026-10-07T14:48-04:00
7860.0,509.6,510.6,2.0,28.0,C,2027-06-30,7803.91015625,2026-10-07T14:48-04:00
7865.0,0.0,0.0,,0.0,C,2027-06-30,7803.91015625,2026-10-07T14:48-04:00
7870.0,503.4,504.4,2.0,11.0,C,2027-06-30,7803.91015625,2026-10-07T14:48-04:00
7875.0,499.8,501.1,10.0,407.0,C,2027-06-30,7803.91015625,2026-10-07T14:48-04:00
7880.0,497.1,498.1,2.0,15.0,C,2027-06-30,7803.91015625,2026-10-07T14:48-04:00
7885.0,493.9,494.8,49.0,48.0,C,2027-06-30,7803.91015625,2026-10-07T14:48-04:00
7890.0,490.7,491.7,4.0,8.0,C,2027-06-30,7803.91015625,2026-10-07T14:48-04:00
7895.0,487.7,488.7,2.0,17.0,C,2027-06-30,7803.91015625,2026-10-07T14:48-04:00
7900.0,484.3,485.3,3.0,200.0,C,2027-06-30,7803.91015625,2026-10-07T14:48-04:00
7905.0,481.2,482.2,2.0,2.0,C,2027-06-30,7803.91015625,2026-10-07T14:48-04:00
7910.0,478.1,479.1,2.0,3.0,C,2027-06-30,7803.91015625,2026-10-07T14:48-04:00
7915.0,475.1,476.1,86.0,64.0,C,2027-06-30,7803.91015625,2026-10-07T14:48-04:00
7920.0,472.2,473.2,2.0,111.0,C,2027-06-30,7803.91015625,2026-10-07T14:48-04:00
7925.0,469.1,478.0,12.0,21.0,C,2027-06-30,7803.91015625,2026-10-07T14:48-04:00
7930.0,465.9,466.9,4.0,2.0,C,2027-06-30,7803.91015625,2026-10-07T14:48-04:00
7935.0,468.0,469.5,5.0,0.0,C,2027-06-30,7803.91015625,2026-10-07T14:48-04:00
7940.0,459.9,460.8,1.0,2.0,C,2027-06-30,7803.91015625,2026-10-07T14:48-04:00
7945.0,456.9,457.9,,1.0,C,2027-06-30,7803.91015625,2026-10-07T14:48-04:00
7950.0,453.9,462.9,1.0,104.0,C,2027-06-30,7803.91015625,2026-10-07T14:48-04:00
7955.0,450.9,461.2,2.0,9.0,C,2027-06-30,7803.91015625,2026-10-07T14:48-04:00
7960.0,447.9,448.9,2.0,19.0,C,2027-06-30,7803.91015625,2026-10-07T14:48-04:00
7965.0,450.1,451.6,,0.0,C,2027-06-30,7803.91015625,2026-10-07T14:48-04:00
7970.0,415.8,418.4,32.0,16.0,C,2027-06-30,7803.91015625,2026-10-07T14:48-04:00
7975.0,438.7,439.7,2.0,11.0,C,2027-06-30,7803.91015625,2026-10-07T14:48-04:00
7980.0,436.1,437.1,232.0,126.0,C,2027-06-30,7803.91015625,2026-10-07T14:48-04:00
7990.0,430.1,431.1,2.0,4.0,C,2027-06-30,7803.91015625,2026-10-07T14:48-04:00
7995.0,427.0,428.0,1.0,3.0,C,2027-06-30,7803.91015625,2026-10-07T14:48-04:00
8000.0,424.1,425.1,2.0,227.0,C,2027-06-30,7803.91015625,2026-10-07T14:48-04:00
8010.0,418.3,419.2,2.0,2.0,C,2027-06-30,7803.91015625,2026-10-07T14:48-04:00
8020.0,412.8,413.8,2.0,50.0,C,2027-06-30,7803.91015625,2026-10-07T14:48-04:00
8025.0,409.8,410.7,2.0,77.0,C,2027-06-30,7803.91015625,2026-10-07T14:48-04:00
8035.0,404.2,405.2,2.0,1.0,C,2027-06-30,7803.91015625,2026-10-07T14:48-04:00
8050.0,395.5,396.5,2.0,134.0,C,2027-06-30,7803.91015625,2026-10-07T14:48-04:00
8055.0,399.0,400.6,,0.0,C,2027-06-30,7803.91015625,2026-10-07T14:48-04:00
8060.0,367.0,369.6,,9.0,C,2027-06-30,7803.91015625,2026-10-07T14:48-04:00
8070.0,384.4,385.4,1.0,29.0,C,2027-06-30,7803.91015625,2026-10-07T14:48-04:00
8075.0,381.8,383.4,2.0,42.0,C,2027-06-30,7803.91015625,2026-10-07T14:48-04:00
8080.0,378.9,379.9,4.0,17.0,C,2027-06-30,7803.91015625,2026-10-07T14:48-04:00
8085.0,376.4,377.3,2.0,54.0,C,2027-06-30,7803.91015625,2026-10-07T14:48-04:00
8090.0,373.4,374.4,4.0,16.0,C,2027-06-30,7803.91015625,2026-10-07T14:48-04:00
8095.0,370.7,371.6,2.0,53.0,C,2027-06-30,7803.91015625,2026-10-07T14:48-04:00
8100.0,368.1,369.0,2.0,128.0,C,2027-06-30,7803.91015625,2026-10-07T14:48-04:00
8105.0,365.3,366.2,2.0,1.0,C,2027-06-30,7803.91015625,2026-10-07T14:48-04:00
8110.0,362.7,363.6,2.0,5.0,C,2027-06-30,7803.91015625,2026-10-07T14:48-04:00
8115.0,360.1,361.7,2.0,4.0,C,2027-06-30,7803.91015625,2026-10-07T14:48-04:00
8120.0,357.3,358.2,6.0,2.0,C,2027-06-30,7803.91015625,2026-10-07T14:48-04:00
8125.0,354.6,355.6,2.0,42.0,C,2027-06-30,7803.91015625,2026-10-07T14:48-04:00
8130.0,352.1,353.1,2.0,33.0,C,2027-06-30,7803.91015625,2026-10-07T14:48-04:00
8135.0,349.5,350.4,2.0,4.0,C,2027-06-30,7803.91015625,2026-10-07T14:48-04:00
8140.0,347.0,348.0,2.0,3.0,C,2027-06-30,7803.91015625,2026-10-07T14:48-04:00
8145.0,344.3,345.2,2.0,4.0,C,2027-06-30,7803.91015625,2026-10-07T14:48-04:00
8150.0,341.6,342.6,2.0,199.0,C,2027-06-30,7803.91015625,2026-10-07T14:48-04:00
8155.0,339.3,340.3,1.0,2.0,C,2027-06-30,7803.91015625,2026-10-07T14:48-04:00
8160.0,336.6,337.5,3.0,5.0,C,2027-06-30,7803.91015625,2026-10-07T14:48-04:00
8165.0,333.9,334.8,1.0,95.0,C,2027-06-30,7803.91015625,2026-10-07T14:48-04:00
8170.0,331.5,332.4,4.0,105.0,C,2027-06-30,7803.91015625,2026-10-07T14:48-04:00
8175.0,328.9,329.9,2.0,10.0,C,2027-06-30,7803.91015625,2026-10-07T14:48-04:00
8180.0,326.3,327.3,4.0,11.0,C,2027-06-30,7803.91015625,2026-10-07T14:48-04:00
8185.0,324.0,324.9,34.0,20.0,C,2027-06-30,7803.91015625,2026-10-07T14:48-04:00
8190.0,321.5,322.4,6.0,131.0,C,2027-06-30,7803.91015625,2026-10-07T14:48-04:00
8195.0,319.0,319.9,2.0,11.0,C,2027-06-30,7803.91015625,2026-10-07T14:48-04:00
8200.0,316.5,318.0,2.0,224.0,C,2027-06-30,7803.91015625,2026-10-07T14:48-04:00
8225.0,304.2,305.1,2.0,151.0,C,2027-06-30,7803.91015625,2026-10-07T14:48-04:00
8250.0,292.3,293.3,232.0,184.0,C,2027-06-30,7803.91015625,2026-10-07T14:48-04:00
8275.0,280.7,281.7,2.0,284.0,C,2027-06-30,7803.91015625,2026-10-07T14:48-04:00
8300.0,269.7,270.6,2.0,155.0,C,2027-06-30,7803.91015625,2026-10-07T14:48-04:00
8325.0,258.5,259.4,2.0,227.0,C,2027-06-30,7803.91015625,2026-10-07T14:48-04:00
8350.0,248.0,248.9,2.0,1037.0,C,2027-06-30,7803.91015625,2026-10-07T14:48-04:00
8375.0,237.6,238.4,2.0,207.0,C,2027-06-30,7803.91015625,2026-10-07T14:48-04:00
8400.0,227.6,228.8,2.0,46.0,C,2027-06-30,7803.91015625,2026-10-07T14:48-04:00
8425.0,217.8,218.6,50.0,138.0,C,2027-06-30,7803.91015625,2026-10-07T14:48-04:00
8450.0,208.4,209.3,10.0,43.0,C,2027-06-30,7803.91015625,2026-10-07T14:48-04:00
8475.0,199.4,200.2,2.0,67.0,C,2027-06-30,7803.91015625,2026-10-07T14:48-04:00
8500.0,190.7,191.5,1.0,247.0,C,2027-06-30,7803.91015625,2026-10-07T14:48-04:00
8525.0,182.2,183.0,2.0,40.0,C,2027-06-30,7803.91015625,2026-10-07T14:48-04:00
8550.0,174.0,174.8,1.0,154.0,C,2027-06-30,7803.91015625,2026-10-07T14:48-04:00
8575.0,166.1,166.9,6.0,35.0,C,2027-06-30,7803.91015625,2026-10-07T14:48-04:00
8600.0,158.5,159.3,1.0,236.0,C,2027-06-30,7803.91015625,2026-10-07T14:48-04:00
8625.0,151.2,152.0,1.0,352.0,C,2027-06-30,7803.91015625,2026-10-07T14:48-04:00
8650.0,144.1,144.9,5.0,490.0,C,2027-06-30,7803.91015625,2026-10-07T14:48-04:00
8675.0,137.3,138.1,64.0,337.0,C,2027-06-30,7803.91015625,2026-10-07T14:48-04:00
8700.0,130.8,131.6,1.0,65.0,C,2027-06-30,7803.91015625,2026-10-07T14:48-04:00
8725.0,124.8,125.7,2.0,561.0,C,2027-06-30,7803.91015625,2026-10-07T14:48-04:00
8750.0,118.6,119.4,50.0,103.0,C,2027-06-30,7803.91015625,2026-10-07T14:48-04:00
8755.0,117.4,118.2,34.0,121.0,C,2027-06-30,7803.91015625,2026-10-07T14:48-04:00
8760.0,116.5,117.4,2.0,27.0,C,2027-06-30,7803.91015625,2026-10-07T14:48-04:00
8765.0,115.1,115.9,4.0,40.0,C,2027-06-30,7803.91015625,2026-10-07T14:48-04:00
8770.0,114.1,114.9,2.0,135.0,C,2027-06-30,7803.91015625,2026-10-07T14:48-04:00
8775.0,113.1,114.0,5.0,362.0,C,2027-06-30,7803.91015625,2026-10-07T14:48-04:00
8780.0,111.8,112.8,2.0,51.0,C,2027-06-30,7803.91015625,2026-10-07T14:48-04:00
8795.0,0.0,0.0,,0.0,C,2027-06-30,7803.91015625,2026-10-07T14:48-04:00
8800.0,107.4,108.1,1.0,34.0,C,2027-06-30,7803.91015625,2026-10-07T14:48-04:00
8805.0,106.3,107.1,,1.0,C,2027-06-30,7803.91015625,2026-10-07T14:48-04:00
8810.0,105.4,106.3,,26.0,C,2027-06-30,7803.91015625,2026-10-07T14:48-04:00
8815.0,104.3,105.0,8.0,71.0,C,2027-06-30,7803.91015625,2026-10-07T14:48-04:00
8820.0,103.1,103.9,2.0,3.0,C,2027-06-30,7803.91015625,2026-10-07T14:48-04:00
8825.0,99.4,101.3,,1.0,C,2027-06-30,7803.91015625,2026-10-07T14:48-04:00
8830.0,98.4,100.4,,11.0,C,2027-06-30,7803.91015625,2026-10-07T14:48-04:00
8835.0,108.0,109.1,,0.0,C,2027-06-30,7803.91015625,2026-10-07T14:48-04:00
8840.0,0.0,0.0,,0.0,C,2027-06-30,7803.91015625,2026-10-07T14:48-04:00
8845.0,106.0,107.3,,0.0,C,2027-06-30,7803.91015625,2026-10-07T14:48-04:00
8850.0,97.1,98.1,1.0,3.0,C,2027-06-30,7803.91015625,2026-10-07T14:48-04:00
8855.0,96.1,96.8,8.0,17.0,C,2027-06-30,7803.91015625,2026-10-07T14:48-04:00
8860.0,0.0,0.0,,0.0,C,2027-06-30,7803.91015625,2026-10-07T14:48-04:00
8865.0,94.1,94.9,4.0,30.0,C,2027-06-30,7803.91015625,2026-10-07T14:48-04:00
8870.0,93.2,93.9,2.0,28.0,C,2027-06-30,7803.91015625,2026-10-07T14:48-04:00
8875.0,92.2,93.2,4.0,8.0,C,2027-06-30,7803.91015625,2026-10-07T14:48-04:00
8880.0,99.1,100.4,2.0,0.0,C,2027-06-30,7803.91015625,2026-10-07T14:48-04:00
8885.0,88.5,90.4,,1.0,C,2027-06-30,7803.91015625,2026-10-07T14:48-04:00
8890.0,89.5,90.4,4.0,57.0,C,2027-06-30,7803.91015625,2026-10-07T14:48-04:00
8895.0,88.6,89.5,44.0,23.0,C,2027-06-30,7803.91015625,2026-10-07T14:48-04:00
8900.0,87.7,88.6,4.0,154.0,C,2027-06-30,7803.91015625,2026-10-07T14:48-04:00
8905.0,86.8,87.7,100.0,87.0,C,2027-06-30,7803.91015625,2026-10-07T14:48-04:00
8910.0,85.9,86.8,4.0,30.0,C,2027-06-30,7803.91015625,2026-10-07T14:48-04:00
8915.0,84.9,85.9,4.0,10.0,C,2027-06-30,7803.91015625,2026-10-07T14:48-04:00
8920.0,84.1,84.8,4.0,3.0,C,2027-06-30,7803.91015625,2026-10-07T14:48-04:00
8925.0,83.2,84.0,2.0,6.0,C,2027-06-30,7803.91015625,2026-10-07T14:48-04:00
8930.0,82.3,83.0,2.0,32.0,C,2027-06-30,7803.91015625,2026-10-07T14:48-04:00
8940.0,80.6,81.3,1.0,11.0,C,2027-06-30,7803.91015625,2026-10-07T14:48-04:00
8945.0,79.7,80.4,100.0,62.0,C,2027-06-30,7803.91015625,2026-10-07T14:48-04:00
8950.0,79.0,79.7,18.0,49.0,C,2027-06-30,7803.91015625,2026-10-07T14:48-04:00
8955.0,78.2,79.0,4.0,4.0,C,2027-06-30,7803.91015625,2026-10-07T14:48-04:00
8960.0,77.4,78.2,84.0,89.0,C,2027-06-30,7803.91015625,2026-10-07T14:48-04:00
8965.0,76.3,77.1,,1.0,C,2027-06-30,7803.91015625,2026-10-07T14:48-04:00
8970.0,75.7,76.5,4.0,54.0,C,2027-06-30,7803.91015625,2026-10-07T14:48-04:00
8975.0,82.4,83.6,2.0,0.0,C,2027-06-30,7803.91015625,2026-10-07T14:48-04:00
8980.0,74.1,74.8,4.0,22.0,C,2027-06-30,7803.91015625,2026-10-07T14:48-04:00
8985.0,73.3,74.0,40.0,20.0,C,2027-06-30,7803.91015625,2026-10-07T14:48-04:00
8990.0,72.5,73.3,16.0,55.0,C,2027-06-30,7803.91015625,2026-10-07T14:48-04:00
8995.0,71.6,72.3,8.0,14.0,C,2027-06-30,7803.91015625,2026-10-07T14:48-04:00
9000.0,71.0,71.8,16.0,174.0,C,2027-06-30,7803.91015625,2026-10-07T14:48-04:00
9005.0,70.2,70.9,4.0,272.0,C,2027-06-30,7803.91015625,2026-10-07T14:48-04:00
9010.0,69.6,70.3,92.0,166.0,C,2027-06-30,7803.91015625,2026-10-07T14:48-04:00
9015.0,68.6,69.3,16.0,73.0,C,2027-06-30,7803.91015625,2026-10-07T14:48-04:00
9020.0,68.0,68.7,1.0,45.0,C,2027-06-30,7803.91015625,2026-10-07T14:48-04:00
9025.0,74.6,75.7,1.0,0.0,C,2027-06-30,7803.91015625,2026-10-07T14:48-04:00
9030.0,66.7,67.5,1.0,54.0,C,2027-06-30,7803.91015625,2026-10-07T14:48-04:00
9040.0,64.9,65.6,2.0,19.0,C,2027-06-30,7803.91015625,2026-10-07T14:48-04:00
9045.0,64.4,65.1,17.0,17.0,C,2027-06-30,7803.91015625,2026-10-07T14:48-04:00
9050.0,63.7,64.4,4.0,684.0,C,2027-06-30,7803.91015625,2026-10-07T14:48-04:00
9075.0,60.3,61.0,192.0,233.0,C,2027-06-30,7803.91015625,2026-10-07T14:48-04:00
9100.0,57.2,58.0,1.0,117.0,C,2027-06-30,7803.91015625,2026-10-07T14:48-04:00
9125.0,54.2,54.9,4.0,48.0,C,2027-06-30,7803.91015625,2026-10-07T14:48-04:00
9150.0,51.2,51.9,1.0,61.0,C,2027-06-30,7803.91015625,2026-10-07T14:48-04:00
9175.0,48.5,49.2,4.0,23.0,C,2027-06-30,7803.91015625,2026-10-07T14:48-04:00
9200.0,45.8,46.4,1.0,136.0,C,2027-06-30,7803.91015625,2026-10-07T14:48-04:00
9225.0,49.5,50.5,4.0,0.0,C,2027-06-30,7803.91015625,2026-10-07T14:48-04:00
9250.0,40.8,41.5,3.0,62.0,C,2027-06-30,7803.91015625,2026-10-07T14:48-04:00
9275.0,38.6,39.2,1.0,252.0,C,2027-06-30,7803.91015625,2026-10-07T14:48-04:00
9300.0,36.4,37.0,2.0,212.0,C,2027-06-30,7803.91015625,2026-10-07T14:48-04:00
9400.0,28.7,29.4,1.0,343.0,C,2027-06-30,7803.91015625,2026-10-07T14:48-04:00
9600.0,17.9,18.4,87.0,510.0,C,2027-06-30,7803.91015625,2026-10-07T14:48-04:00
3000.0,7.0,7.3,1.0,66.0,P,2027-06-30,7803.91015625,2026-10-07T14:48-04:00
3200.0,8.4,8.7,1.0,5.0,P,2027-06-30,7803.91015625,2026-10-07T14:48-04:00
3400.0,9.9,10.2,6.0,14.0,P,2027-06-30,7803.91015625,2026-10-07T14:48-04:00
3600.0,11.7,12.0,20.0,341.0,P,2027-06-30,7803.91015625,2026-10-07T14:48-04:00
3800.0,14.8,15.3,2.0,0.0,P,2027-06-30,7803.91015625,2026-10-07T14:48-04:00
3900.0,14.8,15.0,2.0,6.0,P,2027-06-30,7803.91015625,2026-10-07T14:48-04:00
4000.0,15.9,16.2,10.0,176.0,P,2027-06-30,7803.91015625,2026-10-07T14:48-04:00
4100.0,17.1,17.4,1.0,51.0,P,2027-06-30,7803.91015625,2026-10-07T14:48-04:00
4200.0,18.4,18.7,4.0,51.0,P,2027-06-30,7803.91015625,2026-10-07T14:48-04:00
4300.0,19.8,20.1,2.0,2.0,P,2027-06-30,7803.91015625,2026-10-07T14:48-04:00
4400.0,21.2,21.5,2.0,7.0,P,2027-06-30,7803.91015625,2026-10-07T14:48-04:00
4500.0,22.8,23.1,4.0,66.0,P,2027-06-30,7803.91015625,2026-10-07T14:48-04:00
4600.0,24.4,24.8,1.0,48.0,P,2027-06-30,7803.91015625,2026-10-07T14:48-04:00
4700.0,26.2,26.6,3.0,39.0,P,2027-06-30,7803.91015625,2026-10-07T14:48-04:00
4800.0,28.1,28.4,50.0,28.0,P,2027-06-30,7803.91015625,2026-10-07T14:48-04:00
4900.0,30.1,30.5,1.0,32.0,P,2027-06-30,7803.91015625,2026-10-07T14:48-04:00
5000.0,32.3,32.7,1.0,32.0,P,2027-06-30,7803.91015625,2026-10-07T14:48-04:00
5100.0,34.7,35.0,2.0,16.0,P,2027-06-30,7803.91015625,2026-10-07T14:48-04:00
5200.0,37.3,37.7,1.0,24.0,P,2027-06-30,7803.91015625,2026-10-07T14:48-04:00
5250.0,38.6,39.0,1.0,67.0,P,2027-06-30,7803.91015625,2026-10-07T14:48-04:00
5300.0,40.0,40.4,1.0,4.0,P,2027-06-30,7803.91015625,2026-10-07T14:48-04:00
5350.0,41.6,41.9,2.0,9.0,P,2027-06-30,7803.91015625,2026-10-07T14:48-04:00
5400.0,43.1,43.5,4.0,7.0,P,2027-06-30,7803.91015625,2026-10-07T14:48-04:00
5450.0,44.7,45.1,2.0,603.0,P,2027-06-30,7803.91015625,2026-10-07T14:48-04:00
5500.0,46.4,46.8,1.0,11.0,P,2027-06-30,7803.91015625,2026-10-07T14:48-04:00
5550.0,48.3,48.6,1.0,44.0,P,2027-06-30,7803.91015625,2026-10-07T14:48-04:00
5600.0,50.1,50.5,1.0,9.0,P,2027-06-30,7803.91015625,2026-10-07T14:48-04:00
5650.0,52.1,52.5,5.0,24.0,P,2027-06-30,7803.91015625,2026-10-07T14:48-04:00
5700.0,54.0,54.5,5.0,780.0,P,2027-06-30,7803.91015625,2026-10-07T14:48-04:00
5750.0,56.1,56.6,4.0,44.0,P,2027-06-30,7803.91015625,2026-10-07T14:48-04:00
5800.0,58.4,58.9,2.0,23.0,P,2027-06-30,7803.91015625,2026-10-07T14:48-04:00
5850.0,60.7,61.2,1.0,41.0,P,2027-06-30,7803.91015625,2026-10-07T14:48-04:00
5900.0,63.1,63.6,1.0,306.0,P,2027-06-30,7803.91015625,2026-10-07T14:48-04:00
5950.0,65.7,66.3,1.0,229.0,P,2027-06-30,7803.91015625,2026-10-07T14:48-04:00
6000.0,68.3,68.9,5.0,307.0,P,2027-06-30,7803.91015625,2026-10-07T14:48-04:00
6050.0,71.1,71.7,28.0,59.0,P,2027-06-30,7803.91015625,2026-10-07T14:48-04:00
6100.0,74.1,74.7,6.0,94.0,P,2027-06-30,7803.91015625,2026-10-07T14:48-04:00
6150.0,77.2,77.7,8.0,35.0,P,2027-06-30,7803.91015625,2026-10-07T14:48-04:00
6200.0,79.9,80.9,1.0,193.0,P,2027-06-30,7803.91015625,2026-10-07T14:48-04:00
6250.0,83.6,84.3,1.0,992.0,P,2027-06-30,7803.91015625,2026-10-07T14:48-04:00
6300.0,87.2,87.8,2.0,61.0,P,2027-06-30,7803.91015625,2026-10-07T14:48-04:00
6325.0,89.1,89.7,12.0,11.0,P,2027-06-30,7803.91015625,2026-10-07T14:48-04:00
6350.0,90.9,91.5,4.0,9.0,P,2027-06-30,7803.91015625,2026-10-07T14:48-04:00
6375.0,92.9,93.6,7.0,31.0,P,2027-06-30,7803.91015625,2026-10-07T14:48-04:00
6400.0,94.8,95.5,4.0,108.0,P,2027-06-30,7803.91015625,2026-10-07T14:48-04:00
6425.0,96.9,97.6,1.0,8.0,P,2027-06-30,7803.91015625,2026-10-07T14:48-04:00
6450.0,99.0,99.6,1.0,28.0,P,2027-06-30,7803.91015625,2026-10-07T14:48-04:00
6455.0,99.0,100.0,38.0,24.0,P,2027-06-30,7803.91015625,2026-10-07T14:48-04:00
6460.0,99.7,100.3,2.0,41.0,P,2027-06-30,7803.91015625,2026-10-07T14:48-04:00
6470.0,100.6,101.3,4.0,38.0,P,2027-06-30,7803.91015625,2026-10-07T14:48-04:00
6475.0,101.1,101.7,14.0,20.0,P,2027-06-30,7803.91015625,2026-10-07T14:48-04:00
6480.0,101.4,102.0,4.0,36.0,P,2027-06-30,7803.91015625,2026-10-07T14:48-04:00
6485.0,101.9,102.6,8.0,15.0,P,2027-06-30,7803.91015625,2026-10-07T14:48-04:00
6490.0,102.2,102.9,4.0,4.0,P,2027-06-30,7803.91015625,2026-10-07T14:48-04:00
6495.0,102.8,103.5,4.0,11.0,P,2027-06-30,7803.91015625,2026-10-07T14:48-04:00
6500.0,103.1,103.8,6.0,100.0,P,2027-06-30,7803.91015625,2026-10-07T14:48-04:00
6505.0,103.6,104.3,116.0,82.0,P,2027-06-30,7803.91015625,2026-10-07T14:48-04:00
6510.0,104.1,104.8,4.0,24.0,P,2027-06-30,7803.91015625,2026-10-07T14:48-04:00
6515.0,104.4,105.1,4.0,16.0,P,2027-06-30,7803.91015625,2026-10-07T14:48-04:00
6525.0,105.4,106.1,2.0,5.0,P,2027-06-30,7803.91015625,2026-10-07T14:48-04:00
6530.0,105.8,106.4,4.0,16.0,P,2027-06-30,7803.91015625,2026-10-07T14:48-04:00
6535.0,106.3,107.0,92.0,47.0,P,2027-06-30,7803.91015625,2026-10-07T14:48-04:00
6540.0,106.8,107.5,5.0,2.0,P,2027-06-30,7803.91015625,2026-10-07T14:48-04:00
6550.0,107.3,108.3,1.0,37.0,P,2027-06-30,7803.91015625,2026-10-07T14:48-04:00
6560.0,108.6,109.3,48.0,30.0,P,2027-06-30,7803.91015625,2026-10-07T14:48-04:00
6565.0,109.1,109.8,5.0,15.0,P,2027-06-30,7803.91015625,2026-10-07T14:48-04:00
6570.0,109.6,110.2,4.0,62.0,P,2027-06-30,7803.91015625,2026-10-07T14:48-04:00
6575.0,130.1,132.0,2.0,4.0,P,2027-06-30,7803.91015625,2026-10-07T14:48-04:00
6580.0,110.1,111.1,48.0,25.0,P,2027-06-30,7803.91015625,2026-10-07T14:48-04:00
6585.0,0.0,0.0,,0.0,P,2027-06-30,7803.91015625,2026-10-07T14:48-04:00
6590.0,115.9,116.9,2.0,0.0,P,2027-06-30,7803.91015625,2026-10-07T14:48-04:00
6595.0,0.0,0.0,,0.0,P,2027-06-30,7803.91015625,2026-10-07T14:48-04:00
6600.0,112.4,113.0,2.0,35.0,P,2027-06-30,7803.91015625,2026-10-07T14:48-04:00
6605.0,133.4,135.3,4.0,14.0,P,2027-06-30,7803.91015625,2026-10-07T14:48-04:00
6610.0,113.3,113.9,5.0,8.0,P,2027-06-30,7803.91015625,2026-10-07T14:48-04:00
6615.0,113.9,114.5,16.0,17.0,P,2027-06-30,7803.91015625,2026-10-07T14:48-04:00
6625.0,114.4,115.5,,13.0,P,2027-06-30,7803.91015625,2026-10-07T14:48-04:00
6630.0,115.2,116.0,5.0,7.0,P,2027-06-30,7803.91015625,2026-10-07T14:48-04:00
6635.0,120.5,121.5,2.0,0.0,P,2027-06-30,7803.91015625,2026-10-07T14:48-04:00
6640.0,116.3,117.0,2.0,26.0,P,2027-06-30,7803.91015625,2026-10-07T14:48-04:00
6645.0,121.6,122.5,16.0,0.0,P,2027-06-30,7803.91015625,2026-10-07T14:48-04:00
6650.0,117.4,118.0,12.0,18.0,P,2027-06-30,7803.91015625,2026-10-07T14:48-04:00
6660.0,118.3,118.9,24.0,13.0,P,2027-06-30,7803.91015625,2026-10-07T14:48-04:00
6670.0,0.0,0.0,,0.0,P,2027-06-30,7803.91015625,2026-10-07T14:48-04:00
6675.0,119.9,120.5,1.0,152.0,P,2027-06-30,7803.91015625,2026-10-07T14:48-04:00
6680.0,120.3,121.0,4.0,4.0,P,2027-06-30,7803.91015625,2026-10-07T14:48-04:00
6685.0,120.8,121.6,,8.0,P,2027-06-30,7803.91015625,2026-10-07T14:48-04:00
6690.0,126.3,127.4,2.0,0.0,P,2027-06-30,7803.91015625,2026-10-07T14:48-04:00
6695.0,0.0,0.0,,0.0,P,2027-06-30,7803.91015625,2026-10-07T14:48-04:00
6700.0,122.5,123.3,4.0,16.0,P,2027-06-30,7803.91015625,2026-10-07T14:48-04:00
6705.0,0.0,0.0,2.0,0.0,P,2027-06-30,7803.91015625,2026-10-07T14:48-04:00
6710.0,123.6,124.2,1.0,7.0,P,2027-06-30,7803.91015625,2026-10-07T14:48-04:00
6720.0,124.5,125.2,5.0,5.0,P,2027-06-30,7803.91015625,2026-10-07T14:48-04:00
6725.0,125.2,125.9,2.0,5.0,P,2027-06-30,7803.91015625,2026-10-07T14:48-04:00
6730.0,125.8,126.5,3.0,27.0,P,2027-06-30,7803.91015625,2026-10-07T14:48-04:00
6740.0,126.9,127.6,5.0,7.0,P,2027-06-30,7803.91015625,2026-10-07T14:48-04:00
6745.0,127.4,128.0,40.0,23.0,P,2027-06-30,7803.91015625,2026-10-07T14:48-04:00
6750.0,127.9,128.6,1.0,69.0,P,2027-06-30,7803.91015625,2026-10-07T14:48-04:00
6755.0,128.5,129.1,3.0,2.0,P,2027-06-30,7803.91015625,2026-10-07T14:48-04:00
6770.0,130.2,130.8,3.0,10.0,P,2027-06-30,7803.91015625,2026-10-07T14:48-04:00
6775.0,130.8,131.5,1.0,8.0,P,2027-06-30,7803.91015625,2026-10-07T14:48-04:00
6780.0,131.4,132.0,5.0,19.0,P,2027-06-30,7803.91015625,2026-10-07T14:48-04:00
6785.0,155.4,157.5,,14.0,P,2027-06-30,7803.91015625,2026-10-07T14:48-04:00
6790.0,132.4,133.1,132.0,108.0,P,2027-06-30,7803.91015625,2026-10-07T14:48-04:00
6800.0,133.8,134.5,1.0,14.0,P,2027-06-30,7803.91015625,2026-10-07T14:48-04:00
6805.0,139.4,140.6,,0.0,P,2027-06-30,7803.91015625,2026-10-07T14:48-04:00
6810.0,134.9,135.5,246.0,122.0,P,2027-06-30,7803.91015625,2026-10-07T14:48-04:00
6815.0,135.5,136.1,4.0,11.0,P,2027-06-30,7803.91015625,2026-10-07T14:48-04:00
6820.0,136.0,136.7,9.0,15.0,P,2027-06-30,7803.91015625,2026-10-07T14:48-04:00
6825.0,136.6,137.3,3.0,9.0,P,2027-06-30,7803.91015625,2026-10-07T14:48-04:00
6830.0,137.2,137.9,6.0,17.0,P,2027-06-30,7803.91015625,2026-10-07T14:48-04:00
6835.0,137.8,138.5,1.0,3.0,P,2027-06-30,7803.91015625,2026-10-07T14:48-04:00
6840.0,138.6,139.2,1.0,36.0,P,2027-06-30,7803.91015625,2026-10-07T14:48-04:00
6845.0,144.3,145.5,,0.0,P,2027-06-30,7803.91015625,2026-10-07T14:48-04:00
6850.0,139.7,140.3,2.0,100.0,P,2027-06-30,7803.91015625,2026-10-07T14:48-04:00
6855.0,145.7,146.8,2.0,0.0,P,2027-06-30,7803.91015625,2026-10-07T14:48-04:00
6860.0,141.0,141.6,1.0,30.0,P,2027-06-30,7803.91015625,2026-10-07T14:48-04:00
6870.0,147.6,148.8,,0.0,P,2027-06-30,7803.91015625,2026-10-07T14:48-04:00
6875.0,142.7,143.4,2.0,17.0,P,2027-06-30,7803.91015625,2026-10-07T14:48-04:00
6880.0,143.3,144.0,162.0,578.0,P,2027-06-30,7803.91015625,2026-10-07T14:48-04:00
6890.0,144.1,145.3,4.0,35.0,P,2027-06-30,7803.91015625,2026-10-07T14:48-04:00
6900.0,145.9,146.6,2.0,861.0,P,2027-06-30,7803.91015625,2026-10-07T14:48-04:00
6910.0,152.8,154.0,15.0,0.0,P,2027-06-30,7803.91015625,2026-10-07T14:48-04:00
6920.0,148.8,149.4,1.0,38.0,P,2027-06-30,7803.91015625,2026-10-07T14:48-04:00
6925.0,149.1,149.8,3.0,27.0,P,2027-06-30,7803.91015625,2026-10-07T14:48-04:00
6930.0,149.8,150.4,2.0,37.0,P,2027-06-30,7803.91015625,2026-10-07T14:48-04:00
6940.0,151.0,151.7,1.0,42.0,P,2027-06-30,7803.91015625,2026-10-07T14:48-04:00
6950.0,152.3,153.0,1.0,129.0,P,2027-06-30,7803.91015625,2026-10-07T14:48-04:00
6960.0,153.8,154.5,1.0,29.0,P,2027-06-30,7803.91015625,2026-10-07T14:48-04:00
6970.0,155.2,155.9,2.0,32.0,P,2027-06-30,7803.91015625,2026-10-07T14:48-04:00
6975.0,155.9,156.6,4.0,51.0,P,2027-06-30,7803.91015625,2026-10-07T14:48-04:00
6980.0,156.6,157.2,14.0,25.0,P,2027-06-30,7803.91015625,2026-10-07T14:48-04:00
6990.0,157.9,158.6,2.0,89.0,P,2027-06-30,7803.91015625,2026-10-07T14:48-04:00
7000.0,159.5,160.0,1.0,196.0,P,2027-06-30,7803.91015625,2026-10-07T14:48-04:00
7010.0,160.9,161.5,1.0,30.0,P,2027-06-30,7803.91015625,2026-10-07T14:48-04:00
7020.0,168.3,169.5,7.0,0.0,P,2027-06-30,7803.91015625,2026-10-07T14:48-04:00
7025.0,162.8,163.5,2.0,29.0,P,2027-06-30,7803.91015625,2026-10-07T14:48-04:00
7030.0,163.6,164.3,5.0,37.0,P,2027-06-30,7803.91015625,2026-10-07T14:48-04:00
7040.0,165.0,165.6,27.0,31.0,P,2027-06-30,7803.91015625,2026-10-07T14:48-04:00
7050.0,166.8,167.4,56.0,133.0,P,2027-06-30,7803.91015625,2026-10-07T14:48-04:00
7060.0,168.2,168.7,2.0,26.0,P,2027-06-30,7803.91015625,2026-10-07T14:48-04:00
7070.0,169.7,170.3,13.0,23.0,P,2027-06-30,7803.91015625,2026-10-07T14:48-04:00
7075.0,170.5,171.0,1.0,3.0,P,2027-06-30,7803.91015625,2026-10-07T14:48-04:00
7080.0,177.4,178.7,,0.0,P,2027-06-30,7803.91015625,2026-10-07T14:48-04:00
7090.0,172.7,173.2,84.0,72.0,P,2027-06-30,7803.91015625,2026-10-07T14:48-04:00
7100.0,174.0,174.7,1.0,112.0,P,2027-06-30,7803.91015625,2026-10-07T14:48-04:00
7110.0,182.3,183.5,14.0,0.0,P,2027-06-30,7803.91015625,2026-10-07T14:48-04:00
7120.0,0.0,0.0,,0.0,P,2027-06-30,7803.91015625,2026-10-07T14:48-04:00
7125.0,178.1,179.0,2.0,125.0,P,2027-06-30,7803.91015625,2026-10-07T14:48-04:00
7130.0,0.0,0.0,1.0,0.0,P,2027-06-30,7803.91015625,2026-10-07T14:48-04:00
7140.0,180.4,181.1,2.0,7.0,P,2027-06-30,7803.91015625,2026-10-07T14:48-04:00
7150.0,182.0,182.6,2.0,8.0,P,2027-06-30,7803.91015625,2026-10-07T14:48-04:00
7160.0,183.6,184.2,240.0,241.0,P,2027-06-30,7803.91015625,2026-10-07T14:48-04:00
7170.0,185.4,186.0,48.0,49.0,P,2027-06-30,7803.91015625,2026-10-07T14:48-04:00
7175.0,193.2,194.3,10.0,0.0,P,2027-06-30,7803.91015625,2026-10-07T14:48-04:00
7180.0,187.0,187.7,2.0,0.0,P,2027-06-30,7803.91015625,2026-10-07T14:48-04:00
7200.0,190.5,191.1,2.0,164.0,P,2027-06-30,7803.91015625,2026-10-07T14:48-04:00
7210.0,192.1,192.8,6.0,12.0,P,2027-06-30,7803.91015625,2026-10-07T14:48-04:00
7220.0,201.0,202.3,4.0,0.0,P,2027-06-30,7803.91015625,2026-10-07T14:48-04:00
7225.0,194.7,195.3,2.0,27.0,P,2027-06-30,7803.91015625,2026-10-07T14:48-04:00
7230.0,195.7,196.3,2.0,4.0,P,2027-06-30,7803.91015625,2026-10-07T14:48-04:00
7240.0,197.6,198.2,7.0,57.0,P,2027-06-30,7803.91015625,2026-10-07T14:48-04:00
7250.0,199.1,199.8,12.0,107.0,P,2027-06-30,7803.91015625,2026-10-07T14:48-04:00
7255.0,200.0,200.6,30.0,106.0,P,2027-06-30,7803.91015625,2026-10-07T14:48-04:00
7260.0,201.2,201.8,10.0,34.0,P,2027-06-30,7803.91015625,2026-10-07T14:48-04:00
7265.0,202.1,202.7,44.0,83.0,P,2027-06-30,7803.91015625,2026-10-07T14:48-04:00
7270.0,203.0,203.7,2.0,23.0,P,2027-06-30,7803.91015625,2026-10-07T14:48-04:00
7275.0,203.8,204.4,2.0,13.0,P,2027-06-30,7803.91015625,2026-10-07T14:48-04:00
7280.0,204.5,205.2,2.0,4.0,P,2027-06-30,7803.91015625,2026-10-07T14:48-04:00
7285.0,205.4,206.1,4.0,10.0,P,2027-06-30,7803.91015625,2026-10-07T14:48-04:00
7290.0,206.6,207.2,2.0,17.0,P,2027-06-30,7803.91015625,2026-10-07T14:48-04:00
7295.0,207.3,207.9,2.0,78.0,P,2027-06-30,7803.91015625,2026-10-07T14:48-04:00
7300.0,208.2,209.3,1.0,178.0,P,2027-06-30,7803.91015625,2026-10-07T14:48-04:00
7305.0,208.6,209.9,1.0,40.0,P,2027-06-30,7803.91015625,2026-10-07T14:48-04:00
7310.0,210.1,210.8,2.0,30.0,P,2027-06-30,7803.91015625,2026-10-07T14:48-04:00
7315.0,211.2,211.9,2.0,21.0,P,2027-06-30,7803.91015625,2026-10-07T14:48-04:00
7320.0,212.0,212.7,201.0,202.0,P,2027-06-30,7803.91015625,2026-10-07T14:48-04:00
7325.0,212.4,213.7,2.0,10.0,P,2027-06-30,7803.91015625,2026-10-07T14:48-04:00
7330.0,214.0,214.7,187.0,201.0,P,2027-06-30,7803.91015625,2026-10-07T14:48-04:00
7335.0,214.4,215.6,,1.0,P,2027-06-30,7803.91015625,2026-10-07T14:48-04:00
7340.0,215.7,216.4,2.0,2.0,P,2027-06-30,7803.91015625,2026-10-07T14:48-04:00
7345.0,217.0,217.7,22.0,18.0,P,2027-06-30,7803.91015625,2026-10-07T14:48-04:00
7350.0,218.1,218.7,4.0,52.0,P,2027-06-30,7803.91015625,2026-10-07T14:48-04:00
7355.0,218.8,219.5,1.0,1.0,P,2027-06-30,7803.91015625,2026-10-07T14:48-04:00
7360.0,219.2,220.5,24.0,15.0,P,2027-06-30,7803.91015625,2026-10-07T14:48-04:00
7365.0,229.1,230.3,32.0,0.0,P,2027-06-30,7803.91015625,2026-10-07T14:48-04:00
7370.0,221.7,222.5,2.0,7.0,P,2027-06-30,7803.91015625,2026-10-07T14:48-04:00
7375.0,231.2,232.4,4.0,0.0,P,2027-06-30,7803.91015625,2026-10-07T14:48-04:00
7380.0,223.9,224.7,2.0,15.0,P,2027-06-30,7803.91015625,2026-10-07T14:48-04:00
7385.0,225.0,225.6,390.0,660.0,P,2027-06-30,7803.91015625,2026-10-07T14:48-04:00
7390.0,225.8,226.6,26.0,66.0,P,2027-06-30,7803.91015625,2026-10-07T14:48-04:00
7395.0,235.4,236.6,28.0,0.0,P,2027-06-30,7803.91015625,2026-10-07T14:48-04:00
7400.0,227.9,228.7,1.0,175.0,P,2027-06-30,7803.91015625,2026-10-07T14:48-04:00
7405.0,229.1,229.8,10.0,52.0,P,2027-06-30,7803.91015625,2026-10-07T14:48-04:00
7410.0,230.0,230.8,1.0,10.0,P,2027-06-30,7803.91015625,2026-10-07T14:48-04:00
7415.0,231.1,231.9,4.0,2.0,P,2027-06-30,7803.91015625,2026-10-07T14:48-04:00
7420.0,269.2,271.5,,1.0,P,2027-06-30,7803.91015625,2026-10-07T14:48-04:00
7425.0,233.2,234.0,8.0,45.0,P,2027-06-30,7803.91015625,2026-10-07T14:48-04:00
7430.0,234.2,235.0,2.0,25.0,P,2027-06-30,7803.91015625,2026-10-07T14:48-04:00
7435.0,235.3,236.1,2.0,16.0,P,2027-06-30,7803.91015625,2026-10-07T14:48-04:00
7440.0,236.4,237.2,2.0,15.0,P,2027-06-30,7803.91015625,2026-10-07T14:48-04:00
7445.0,275.2,277.4,2.0,3.0,P,2027-06-30,7803.91015625,2026-10-07T14:48-04:00
7450.0,238.8,239.6,8.0,552.0,P,2027-06-30,7803.91015625,2026-10-07T14:48-04:00
7455.0,239.6,240.3,28.0,9.0,P,2027-06-30,7803.91015625,2026-10-07T14:48-04:00
7460.0,240.5,241.4,6.0,5.0,P,2027-06-30,7803.91015625,2026-10-07T14:48-04:00
7465.0,241.8,242.5,1.0,21.0,P,2027-06-30,7803.91015625,2026-10-07T14:48-04:00
7470.0,242.7,243.6,2.0,8.0,P,2027-06-30,7803.91015625,2026-10-07T14:48-04:00
7475.0,244.0,244.8,2.0,46.0,P,2027-06-30,7803.91015625,2026-10-07T14:48-04:00
7480.0,254.1,255.4,4.0,0.0,P,2027-06-30,7803.91015625,2026-10-07T14:48-04:00
7485.0,246.6,247.4,5.0,13.0,P,2027-06-30,7803.91015625,2026-10-07T14:48-04:00
7490.0,256.5,257.7,26.0,0.0,P,2027-06-30,7803.91015625,2026-10-07T14:48-04:00
7495.0,248.5,249.3,122.0,72.0,P,2027-06-30,7803.91015625,2026-10-07T14:48-04:00
7500.0,249.6,250.4,2.0,307.0,P,2027-06-30,7803.91015625,2026-10-07T14:48-04:00
7505.0,250.0,251.4,5.0,230.0,P,2027-06-30,7803.91015625,2026-10-07T14:48-04:00
7510.0,261.2,262.4,7.0,0.0,P,2027-06-30,7803.91015625,2026-10-07T14:48-04:00
7515.0,253.0,253.8,2.0,100.0,P,2027-06-30,7803.91015625,2026-10-07T14:48-04:00
7520.0,254.1,255.0,2.0,17.0,P,2027-06-30,7803.91015625,2026-10-07T14:48-04:00
7525.0,255.3,256.1,52.0,343.0,P,2027-06-30,7803.91015625,2026-10-07T14:48-04:00
7530.0,256.4,257.3,52.0,64.0,P,2027-06-30,7803.91015625,2026-10-07T14:48-04:00
7535.0,257.7,258.5,2.0,37.0,P,2027-06-30,7803.91015625,2026-10-07T14:48-04:00
7540.0,268.2,269.6,2.0,0.0,P,2027-06-30,7803.91015625,2026-10-07T14:48-04:00
7545.0,259.3,260.7,1.0,12.0,P,2027-06-30,7803.91015625,2026-10-07T14:48-04:00
7550.0,261.2,262.0,14.0,536.0,P,2027-06-30,7803.91015625,2026-10-07T14:48-04:00
7560.0,263.6,264.4,10.0,22.0,P,2027-06-30,7803.91015625,2026-10-07T14:48-04:00
7570.0,266.0,266.8,1.0,29.0,P,2027-06-30,7803.91015625,2026-10-07T14:48-04:00
7575.0,267.3,268.1,5.0,7.0,P,2027-06-30,7803.91015625,2026-10-07T14:48-04:00
7580.0,268.4,269.3,3.0,24.0,P,2027-06-30,7803.91015625,2026-10-07T14:48-04:00
7590.0,270.9,271.7,1.0,12.0,P,2027-06-30,7803.91015625,2026-10-07T14:48-04:00
7600.0,272.7,274.2,1.0,150.0,P,2027-06-30,7803.91015625,2026-10-07T14:48-04:00
7620.0,278.6,279.4,1.0,1.0,P,2027-06-30,7803.91015625,2026-10-07T14:48-04:00
7625.0,279.7,280.5,3.0,64.0,P,2027-06-30,7803.91015625,2026-10-07T14:48-04:00
7630.0,281.1,281.9,1.0,1.0,P,2027-06-30,7803.91015625,2026-10-07T14:48-04:00
7640.0,283.7,284.5,1.0,1.0,P,2027-06-30,7803.91015625,2026-10-07T14:48-04:00
7650.0,286.1,287.0,3.0,130.0,P,2027-06-30,7803.91015625,2026-10-07T14:48-04:00
7660.0,288.9,289.7,1.0,1.0,P,2027-06-30,7803.91015625,2026-10-07T14:48-04:00
7670.0,290.8,292.3,3.0,1.0,P,2027-06-30,7803.91015625,2026-10-07T14:48-04:00
7675.0,293.1,293.8,2.0,159.0,P,2027-06-30,7803.91015625,2026-10-07T14:48-04:00
7700.0,299.9,300.7,20.0,706.0,P,2027-06-30,7803.91015625,2026-10-07T14:48-04:00
7710.0,302.7,303.5,1.0,1.0,P,2027-06-30,7803.91015625,2026-10-07T14:48-04:00
7720.0,304.6,306.1,1.0,1.0,P,2027-06-30,7803.91015625,2026-10-07T14:48-04:00
7725.0,306.9,308.0,1.0,146.0,P,2027-06-30,7803.91015625,2026-10-07T14:48-04:00
7740.0,311.2,312.0,1.0,1.0,P,2027-06-30,7803.91015625,2026-10-07T14:48-04:00
7750.0,314.0,314.8,1.0,1047.0,P,2027-06-30,7803.91015625,2026-10-07T14:48-04:00
7775.0,321.4,322.3,10.0,92.0,P,2027-06-30,7803.91015625,2026-10-07T14:48-04:00
7800.0,329.0,329.8,2.0,233.0,P,2027-06-30,7803.91015625,2026-10-07T14:48-04:00
7825.0,335.9,337.5,56.0,207.0,P,2027-06-30,7803.91015625,2026-10-07T14:48-04:00
7850.0,344.9,345.7,1.0,71.0,P,2027-06-30,7803.91015625,2026-10-07T14:48-04:00
7855.0,346.6,347.5,4.0,24.0,P,2027-06-30,7803.91015625,2026-10-07T14:48-04:00
7860.0,359.9,361.4,4.0,0.0,P,2027-06-30,7803.91015625,2026-10-07T14:48-04:00
7865.0,349.8,350.6,2.0,54.0,P,2027-06-30,7803.91015625,2026-10-07T14:48-04:00
7870.0,351.5,352.4,2.0,289.0,P,2027-06-30,7803.91015625,2026-10-07T14:48-04:00
7875.0,353.1,353.9,2.0,11.0,P,2027-06-30,7803.91015625,2026-10-07T14:48-04:00
7880.0,354.8,355.6,82.0,54.0,P,2027-06-30,7803.91015625,2026-10-07T14:48-04:00
7885.0,356.5,357.4,2.0,9.0,P,2027-06-30,7803.91015625,2026-10-07T14:48-04:00
7890.0,358.2,359.0,38.0,256.0,P,2027-06-30,7803.91015625,2026-10-07T14:48-04:00
7895.0,360.0,360.8,,1.0,P,2027-06-30,7803.91015625,2026-10-07T14:48-04:00
7900.0,361.6,362.4,8.0,24.0,P,2027-06-30,7803.91015625,2026-10-07T14:48-04:00
7905.0,362.3,364.0,,2.0,P,2027-06-30,7803.91015625,2026-10-07T14:48-04:00
7915.0,367.0,367.8,40.0,21.0,P,2027-06-30,7803.91015625,2026-10-07T14:48-04:00
7920.0,368.5,369.4,2.0,348.0,P,2027-06-30,7803.91015625,2026-10-07T14:48-04:00
7925.0,370.3,371.1,2.0,28.0,P,2027-06-30,7803.91015625,2026-10-07T14:48-04:00
7935.0,373.9,374.8,2.0,13.0,P,2027-06-30,7803.91015625,2026-10-07T14:48-04:00
7945.0,389.8,391.3,,0.0,P,2027-06-30,7803.91015625,2026-10-07T14:48-04:00
7950.0,378.3,379.9,4.0,14.0,P,2027-06-30,7803.91015625,2026-10-07T14:48-04:00
7960.0,382.8,383.8,,41.0,P,2027-06-30,7803.91015625,2026-10-07T14:48-04:00
7975.0,387.5,389.1,2.0,23.0,P,2027-06-30,7803.91015625,2026-10-07T14:48-04:00
7980.0,390.2,391.0,2.0,254.0,P,2027-06-30,7803.91015625,2026-10-07T14:48-04:00
7985.0,392.2,393.0,4.0,3.0,P,2027-06-30,7803.91015625,2026-10-07T14:48-04:00
7990.0,394.1,394.9,2.0,71.0,P,2027-06-30,7803.91015625,2026-10-07T14:48-04:00
7995.0,395.9,396.7,82.0,41.0,P,2027-06-30,7803.91015625,2026-10-07T14:48-04:00
8000.0,396.9,398.5,1.0,138.0,P,2027-06-30,7803.91015625,2026-10-07T14:48-04:00
8005.0,399.7,400.6,2.0,43.0,P,2027-06-30,7803.91015625,2026-10-07T14:48-04:00
8010.0,401.8,402.7,2.0,52.0,P,2027-06-30,7803.91015625,2026-10-07T14:48-04:00
8015.0,403.6,404.4,6.0,88.0,P,2027-06-30,7803.91015625,2026-10-07T14:48-04:00
8020.0,405.6,406.5,2.0,0.0,P,2027-06-30,7803.91015625,2026-10-07T14:48-04:00
8025.0,645.1,647.2,,8.0,P,2027-06-30,7803.91015625,2026-10-07T14:48-04:00
8030.0,408.5,410.2,4.0,7.0,P,2027-06-30,7803.91015625,2026-10-07T14:48-04:00
8040.0,413.6,414.4,2.0,2.0,P,2027-06-30,7803.91015625,2026-10-07T14:48-04:00
8050.0,417.4,418.3,4.0,7.0,P,2027-06-30,7803.91015625,2026-10-07T14:48-04:00
8055.0,432.7,434.1,,0.0,P,2027-06-30,7803.91015625,2026-10-07T14:48-04:00
8065.0,422.5,424.3,90.0,45.0,P,2027-06-30,7803.91015625,2026-10-07T14:48-04:00
8070.0,481.5,484.1,,51.0,P,2027-06-30,7803.91015625,2026-10-07T14:48-04:00
8075.0,426.7,428.4,2.0,57.0,P,2027-06-30,7803.91015625,2026-10-07T14:48-04:00
8080.0,429.9,430.7,2.0,15.0,P,2027-06-30,7803.91015625,2026-10-07T14:48-04:00
8085.0,432.0,432.9,4.0,10.0,P,2027-06-30,7803.91015625,2026-10-07T14:48-04:00
8095.0,436.1,437.0,2.0,48.0,P,2027-06-30,7803.91015625,2026-10-07T14:48-04:00
8100.0,438.4,439.3,4.0,134.0,P,2027-06-30,7803.91015625,2026-10-07T14:48-04:00
8105.0,453.9,455.3,,0.0,P,2027-06-30,7803.91015625,2026-10-07T14:48-04:00
8110.0,442.5,443.4,2.0,178.0,P,2027-06-30,7803.91015625,2026-10-07T14:48-04:00
8115.0,444.8,445.6,,13.0,P,2027-06-30,7803.91015625,2026-10-07T14:48-04:00
8125.0,449.2,450.1,84.0,43.0,P,2027-06-30,7803.91015625,2026-10-07T14:48-04:00
8130.0,451.3,452.2,2.0,2.0,P,2027-06-30,7803.91015625,2026-10-07T14:48-04:00
8140.0,455.7,456.6,1.0,8.0,P,2027-06-30,7803.91015625,2026-10-07T14:48-04:00
8150.0,460.3,461.1,98.0,0.0,P,2027-06-30,7803.91015625,2026-10-07T14:48-04:00
8155.0,462.5,463.3,4.0,4.0,P,2027-06-30,7803.91015625,2026-10-07T14:48-04:00
8160.0,464.7,465.6,2.0,13.0,P,2027-06-30,7803.91015625,2026-10-07T14:48-04:00
8165.0,467.0,468.0,10.0,19.0,P,2027-06-30,7803.91015625,2026-10-07T14:48-04:00
8175.0,471.3,472.3,40.0,21.0,P,2027-06-30,7803.91015625,2026-10-07T14:48-04:00
8180.0,473.7,474.7,,1.0,P,2027-06-30,7803.91015625,2026-10-07T14:48-04:00
8185.0,490.0,491.5,,0.0,P,2027-06-30,7803.91015625,2026-10-07T14:48-04:00
8190.0,478.5,479.4,2.0,3.0,P,2027-06-30,7803.91015625,2026-10-07T14:48-04:00
8200.0,483.2,484.2,2.0,5.0,P,2027-06-30,7803.91015625,2026-10-07T14:48-04:00
8225.0,495.3,496.1,7.0,8.0,P,2027-06-30,7803.91015625,2026-10-07T14:48-04:00
8250.0,507.5,508.4,84.0,90.0,P,2027-06-30,7803.91015625,2026-10-07T14:48-04:00
8275.0,520.1,521.0,2.0,149.0,P,2027-06-30,7803.91015625,2026-10-07T14:48-04:00
8300.0,533.0,533.9,4.0,94.0,P,2027-06-30,7803.91015625,2026-10-07T14:48-04:00
8325.0,546.0,547.0,6.0,100.0,P,2027-06-30,7803.91015625,2026-10-07T14:48-04:00
8350.0,559.4,560.4,4.0,14.0,P,2027-06-30,7803.91015625,2026-10-07T14:48-04:00
8375.0,567.6,574.2,4.0,19.0,P,2027-06-30,7803.91015625,2026-10-07T14:48-04:00
8400.0,581.6,588.3,2.0,109.0,P,2027-06-30,7803.91015625,2026-10-07T14:48-04:00
8425.0,601.9,602.9,2.0,19.0,P,2027-06-30,7803.91015625,2026-10-07T14:48-04:00
8450.0,616.7,617.6,2.0,175.0,P,2027-06-30,7803.91015625,2026-10-07T14:48-04:00
8475.0,623.4,632.4,2.0,25.0,P,2027-06-30,7803.91015625,2026-10-07T14:48-04:00
8500.0,647.1,648.0,4.0,107.0,P,2027-06-30,7803.91015625,2026-10-07T14:48-04:00
8525.0,654.5,663.4,2.0,6.0,P,2027-06-30,7803.91015625,2026-10-07T14:48-04:00
8550.0,670.5,679.4,2.0,0.0,P,2027-06-30,7803.91015625,2026-10-07T14:48-04:00
8575.0,692.9,699.1,4.0,3.0,P,2027-06-30,7803.91015625,2026-10-07T14:48-04:00
8600.0,717.7,741.7,2.0,0.0,P,2027-06-30,7803.91015625,2026-10-07T14:48-04:00
8625.0,725.1,732.7,,1.0,P,2027-06-30,7803.91015625,2026-10-07T14:48-04:00
8650.0,742.2,749.8,2.0,301.0,P,2027-06-30,7803.91015625,2026-10-07T14:48-04:00
8675.0,758.9,767.3,48.0,33.0,P,2027-06-30,7803.91015625,2026-10-07T14:48-04:00
8700.0,777.2,785.0,26.0,164.0,P,2027-06-30,7803.91015625,2026-10-07T14:48-04:00
8725.0,796.3,802.9,2.0,9.0,P,2027-06-30,7803.91015625,2026-10-07T14:48-04:00
8750.0,812.5,821.1,2.0,10.0,P,2027-06-30,7803.91015625,2026-10-07T14:48-04:00
8770.0,837.3,861.3,,0.0,P,2027-06-30,7803.91015625,2026-10-07T14:48-04:00
8775.0,840.8,864.8,62.0,0.0,P,2027-06-30,7803.91015625,2026-10-07T14:48-04:00
8780.0,834.6,843.3,2.0,245.0,P,2027-06-30,7803.91015625,2026-10-07T14:48-04:00
8785.0,848.3,872.3,,0.0,P,2027-06-30,7803.91015625,2026-10-07T14:48-04:00
8790.0,851.9,875.9,,0.0,P,2027-06-30,7803.91015625,2026-10-07T14:48-04:00
8795.0,847.8,854.5,,1.0,P,2027-06-30,7803.91015625,2026-10-07T14:48-04:00
8800.0,851.5,858.3,,1.0,P,2027-06-30,7803.91015625,2026-10-07T14:48-04:00
8860.0,904.8,928.8,,0.0,P,2027-06-30,7803.91015625,2026-10-07T14:48-04:00
8875.0,916.3,940.3,,0.0,P,2027-06-30,7803.91015625,2026-10-07T14:48-04:00
8880.0,920.2,944.2,2.0,0.0,P,2027-06-30,7803.91015625,2026-10-07T14:48-04:00
8925.0,1005.0,1043.9,,1.0,P,2027-06-30,7803.91015625,2026-10-07T14:48-04:00
9000.0,1015.3,1039.2,4.0,0.0,P,2027-06-30,7803.91015625,2026-10-07T14:48-04:00
9015.0,1027.4,1051.4,2.0,0.0,P,2027-06-30,7803.91015625,2026-10-07T14:48-04:00
9100.0,1097.4,1121.4,2.0,0.0,P,2027-06-30,7803.91015625,2026-10-07T14:48-04:00
9225.0,1255.5,1294.9,,1.0,P,2027-06-30,7803.91015625,2026-10-07T14:48-04:00
4000.0,3926.2,3965.1,,3.0,C,2027-09-30,7803.91015625,2026-10-07T14:48-04:00
5000.0,2996.8,3035.8,,1.0,C,2027-09-30,7803.91015625,2026-10-07T14:48-04:00
5300.0,2721.7,2761.0,,6.0,C,2027-09-30,7803.91015625,2026-10-07T14:48-04:00
5350.0,2676.3,2715.5,,5.0,C,2027-09-30,7803.91015625,2026-10-07T14:48-04:00
5500.0,2540.0,2579.4,1.0,3.0,C,2027-09-30,7803.91015625,2026-10-07T14:48-04:00
6000.0,2109.2,2116.5,1.0,5.0,C,2027-09-30,7803.91015625,2026-10-07T14:48-04:00
6500.0,1677.8,1684.5,,1.0,C,2027-09-30,7803.91015625,2026-10-07T14:48-04:00
6700.0,1511.0,1517.4,1.0,1.0,C,2027-09-30,7803.91015625,2026-10-07T14:48-04:00
7000.0,1268.5,1276.2,70.0,24.0,C,2027-09-30,7803.91015625,2026-10-07T14:48-04:00
7075.0,1209.5,1216.2,,111.0,C,2027-09-30,7803.91015625,2026-10-07T14:48-04:00
7095.0,1193.9,1199.7,,9.0,C,2027-09-30,7803.91015625,2026-10-07T14:48-04:00
7100.0,1190.0,1196.7,,4.0,C,2027-09-30,7803.91015625,2026-10-07T14:48-04:00
7125.0,1170.5,1177.2,2.0,11.0,C,2027-09-30,7803.91015625,2026-10-07T14:48-04:00
7150.0,1151.2,1157.8,2.0,4.0,C,2027-09-30,7803.91015625,2026-10-07T14:48-04:00
7200.0,1112.8,1118.4,,1.0,C,2027-09-30,7803.91015625,2026-10-07T14:48-04:00
7250.0,1074.7,1080.3,2.0,2.0,C,2027-09-30,7803.91015625,2026-10-07T14:48-04:00
7275.0,1055.8,1061.4,,2.0,C,2027-09-30,7803.91015625,2026-10-07T14:48-04:00
7300.0,1037.0,1044.2,,4.0,C,2027-09-30,7803.91015625,2026-10-07T14:48-04:00
7325.0,1018.3,1023.8,2.0,1.0,C,2027-09-30,7803.91015625,2026-10-07T14:48-04:00
7375.0,981.2,986.6,,1.0,C,2027-09-30,7803.91015625,2026-10-07T14:48-04:00
7400.0,962.8,968.1,12.0,15.0,C,2027-09-30,7803.91015625,2026-10-07T14:48-04:00
7425.0,944.4,949.8,2.0,4.0,C,2027-09-30,7803.91015625,2026-10-07T14:48-04:00
7450.0,926.2,931.5,2.0,92.0,C,2027-09-30,7803.91015625,2026-10-07T14:48-04:00
7455.0,922.6,927.9,4.0,46.0,C,2027-09-30,7803.91015625,2026-10-07T14:48-04:00
7460.0,919.0,924.3,,2.0,C,2027-09-30,7803.91015625,2026-10-07T14:48-04:00
7465.0,915.4,920.7,2.0,5.0,C,2027-09-30,7803.91015625,2026-10-07T14:48-04:00
7470.0,911.8,917.1,2.0,1.0,C,2027-09-30,7803.91015625,2026-10-07T14:48-04:00
7475.0,908.2,913.4,2.0,36.0,C,2027-09-30,7803.91015625,2026-10-07T14:48-04:00
7480.0,904.5,909.8,2.0,2.0,C,2027-09-30,7803.91015625,2026-10-07T14:48-04:00
7485.0,901.0,906.2,6.0,3.0,C,2027-09-30,7803.91015625,2026-10-07T14:48-04:00
7490.0,897.4,902.6,6.0,1.0,C,2027-09-30,7803.91015625,2026-10-07T14:48-04:00
7495.0,896.9,897.9,6.0,1.0,C,2027-09-30,7803.91015625,2026-10-07T14:48-04:00
7500.0,893.6,912.5,14.0,33.0,C,2027-09-30,7803.91015625,2026-10-07T14:48-04:00
7505.0,890.1,908.9,8.0,43.0,C,2027-09-30,7803.91015625,2026-10-07T14:48-04:00
7510.0,886.4,887.4,2.0,43.0,C,2027-09-30,7803.91015625,2026-10-07T14:48-04:00
7520.0,879.0,880.0,,1.0,C,2027-09-30,7803.91015625,2026-10-07T14:48-04:00
7525.0,875.7,876.8,6.0,2.0,C,2027-09-30,7803.91015625,2026-10-07T14:48-04:00
7535.0,868.6,887.4,6.0,6.0,C,2027-09-30,7803.91015625,2026-10-07T14:48-04:00
7545.0,861.5,880.3,2.0,4.0,C,2027-09-30,7803.91015625,2026-10-07T14:48-04:00
7550.0,857.7,858.7,8.0,4.0,C,2027-09-30,7803.91015625,2026-10-07T14:48-04:00
7565.0,847.1,848.1,42.0,21.0,C,2027-09-30,7803.91015625,2026-10-07T14:48-04:00
7575.0,840.4,841.4,4.0,6.0,C,2027-09-30,7803.91015625,2026-10-07T14:48-04:00
7600.0,822.6,823.6,4.0,5.0,C,2027-09-30,7803.91015625,2026-10-07T14:48-04:00
7625.0,805.1,806.1,4.0,3.0,C,2027-09-30,7803.91015625,2026-10-07T14:48-04:00
7635.0,798.1,799.2,23.0,23.0,C,2027-09-30,7803.91015625,2026-10-07T14:48-04:00
7650.0,787.8,788.9,162.0,164.0,C,2027-09-30,7803.91015625,2026-10-07T14:48-04:00
7665.0,777.5,778.6,2.0,3.0,C,2027-09-30,7803.91015625,2026-10-07T14:48-04:00
7670.0,774.1,775.1,,2.0,C,2027-09-30,7803.91015625,2026-10-07T14:48-04:00
7675.0,770.6,771.7,,7.0,C,2027-09-30,7803.91015625,2026-10-07T14:48-04:00
7680.0,767.1,768.3,2.0,1.0,C,2027-09-30,7803.91015625,2026-10-07T14:48-04:00
7685.0,764.1,782.8,4.0,4.0,C,2027-09-30,7803.91015625,2026-10-07T14:48-04:00
7695.0,757.3,776.0,2.0,1.0,C,2027-09-30,7803.91015625,2026-10-07T14:48-04:00
7700.0,753.6,754.7,1.0,500.0,C,2027-09-30,7803.91015625,2026-10-07T14:48-04:00
7705.0,750.3,751.4,,1.0,C,2027-09-30,7803.91015625,2026-10-07T14:48-04:00
7710.0,747.2,757.1,2.0,24.0,C,2027-09-30,7803.91015625,2026-10-07T14:48-04:00
7715.0,743.8,762.4,,1.0,C,2027-09-30,7803.91015625,2026-10-07T14:48-04:00
7720.0,740.5,741.6,,1.0,C,2027-09-30,7803.91015625,2026-10-07T14:48-04:00
7725.0,737.0,755.7,2.0,90.0,C,2027-09-30,7803.91015625,2026-10-07T14:48-04:00
7730.0,733.4,734.5,,2.0,C,2027-09-30,7803.91015625,2026-10-07T14:48-04:00
7735.0,730.0,731.1,,3.0,C,2027-09-30,7803.91015625,2026-10-07T14:48-04:00
7740.0,726.7,727.8,4.0,4.0,C,2027-09-30,7803.91015625,2026-10-07T14:48-04:00
7750.0,720.1,721.2,3.0,251.0,C,2027-09-30,7803.91015625,2026-10-07T14:48-04:00
7760.0,713.7,732.3,2.0,2.0,C,2027-09-30,7803.91015625,2026-10-07T14:48-04:00
7775.0,703.7,704.8,2.0,57.0,C,2027-09-30,7803.91015625,2026-10-07T14:48-04:00
7780.0,700.4,719.0,2.0,46.0,C,2027-09-30,7803.91015625,2026-10-07T14:48-04:00
7785.0,697.1,715.7,2.0,4.0,C,2027-09-30,7803.91015625,2026-10-07T14:48-04:00
7790.0,693.6,694.7,2.0,2.0,C,2027-09-30,7803.91015625,2026-10-07T14:48-04:00
7795.0,690.2,691.4,2.0,22.0,C,2027-09-30,7803.91015625,2026-10-07T14:48-04:00
7800.0,687.3,688.6,5.0,69.0,C,2027-09-30,7803.91015625,2026-10-07T14:48-04:00
7805.0,684.0,691.0,1.0,6.0,C,2027-09-30,7803.91015625,2026-10-07T14:48-04:00
7815.0,677.2,678.4,6.0,48.0,C,2027-09-30,7803.91015625,2026-10-07T14:48-04:00
7825.0,671.0,689.5,4.0,47.0,C,2027-09-30,7803.91015625,2026-10-07T14:48-04:00
7830.0,667.7,668.8,8.0,4.0,C,2027-09-30,7803.91015625,2026-10-07T14:48-04:00
7835.0,664.6,683.1,6.0,1.0,C,2027-09-30,7803.91015625,2026-10-07T14:48-04:00
7840.0,661.4,679.8,2.0,4.0,C,2027-09-30,7803.91015625,2026-10-07T14:48-04:00
7845.0,657.9,659.0,14.0,1.0,C,2027-09-30,7803.91015625,2026-10-07T14:48-04:00
7850.0,654.9,673.4,4.0,73.0,C,2027-09-30,7803.91015625,2026-10-07T14:48-04:00
7875.0,639.0,640.1,202.0,308.0,C,2027-09-30,7803.91015625,2026-10-07T14:48-04:00
7900.0,623.2,624.3,9.0,80.0,C,2027-09-30,7803.91015625,2026-10-07T14:48-04:00
7925.0,607.4,608.5,15.0,156.0,C,2027-09-30,7803.91015625,2026-10-07T14:48-04:00
7950.0,592.2,610.4,10.0,106.0,C,2027-09-30,7803.91015625,2026-10-07T14:48-04:00
7975.0,576.9,578.1,2.0,42.0,C,2027-09-30,7803.91015625,2026-10-07T14:48-04:00
8000.0,561.7,562.8,70.0,62.0,C,2027-09-30,7803.91015625,2026-10-07T14:48-04:00
8050.0,532.2,533.3,86.0,103.0,C,2027-09-30,7803.91015625,2026-10-07T14:48-04:00
8075.0,517.9,532.2,1.0,45.0,C,2027-09-30,7803.91015625,2026-10-07T14:48-04:00
8100.0,503.5,504.6,1.0,6.0,C,2027-09-30,7803.91015625,2026-10-07T14:48-04:00
8105.0,500.6,501.8,6.0,226.0,C,2027-09-30,7803.91015625,2026-10-07T14:48-04:00
8120.0,492.4,494.3,10.0,11.0,C,2027-09-30,7803.91015625,2026-10-07T14:48-04:00
8125.0,489.4,490.5,6.0,136.0,C,2027-09-30,7803.91015625,2026-10-07T14:48-04:00
8145.0,478.5,479.6,2.0,1.0,C,2027-09-30,7803.91015625,2026-10-07T14:48-04:00
8150.0,475.8,476.9,2.0,3.0,C,2027-09-30,7803.91015625,2026-10-07T14:48-04:00
8155.0,473.1,474.9,2.0,4.0,C,2027-09-30,7803.91015625,2026-10-07T14:48-04:00
8170.0,464.9,466.0,2.0,1.0,C,2027-09-30,7803.91015625,2026-10-07T14:48-04:00
8175.0,462.0,463.1,4.0,7.0,C,2027-09-30,7803.91015625,2026-10-07T14:48-04:00
8200.0,448.6,449.7,4.0,223.0,C,2027-09-30,7803.91015625,2026-10-07T14:48-04:00
8205.0,446.1,447.9,,2.0,C,2027-09-30,7803.91015625,2026-10-07T14:48-04:00
8215.0,440.6,441.7,2.0,2.0,C,2027-09-30,7803.91015625,2026-10-07T14:48-04:00
8225.0,435.5,436.6,,185.0,C,2027-09-30,7803.91015625,2026-10-07T14:48-04:00
8230.0,432.7,433.9,,5.0,C,2027-09-30,7803.91015625,2026-10-07T14:48-04:00
8250.0,422.6,424.4,3.0,144.0,C,2027-09-30,7803.91015625,2026-10-07T14:48-04:00
8255.0,419.8,420.9,6.0,3.0,C,2027-09-30,7803.91015625,2026-10-07T14:48-04:00
8300.0,397.1,398.3,5.0,145.0,C,2027-09-30,7803.91015625,2026-10-07T14:48-04:00
8310.0,392.4,393.5,2.0,2.0,C,2027-09-30,7803.91015625,2026-10-07T14:48-04:00
8330.0,382.7,383.8,2.0,2.0,C,2027-09-30,7803.91015625,2026-10-07T14:48-04:00
8350.0,373.1,374.7,1.0,173.0,C,2027-09-30,7803.91015625,2026-10-07T14:48-04:00
8375.0,361.3,362.8,2.0,2.0,C,2027-09-30,7803.91015625,2026-10-07T14:48-04:00
8385.0,356.6,357.7,,40.0,C,2027-09-30,7803.91015625,2026-10-07T14:48-04:00
8390.0,354.1,355.2,,80.0,C,2027-09-30,7803.91015625,2026-10-07T14:48-04:00
8400.0,349.5,350.6,2.0,161.0,C,2027-09-30,7803.91015625,2026-10-07T14:48-04:00
8420.0,340.5,341.5,2.0,1.0,C,2027-09-30,7803.91015625,2026-10-07T14:48-04:00
8430.0,335.9,337.0,86.0,42.0,C,2027-09-30,7803.91015625,2026-10-07T14:48-04:00
8445.0,329.5,331.0,2.0,1.0,C,2027-09-30,7803.91015625,2026-10-07T14:48-04:00
8450.0,327.3,328.8,1.0,5.0,C,2027-09-30,7803.91015625,2026-10-07T14:48-04:00
8480.0,314.3,315.4,120.0,60.0,C,2027-09-30,7803.91015625,2026-10-07T14:48-04:00
8485.0,312.2,313.2,2.0,1.0,C,2027-09-30,7803.91015625,2026-10-07T14:48-04:00
8500.0,305.9,306.9,2.0,240.0,C,2027-09-30,7803.91015625,2026-10-07T14:48-04:00
8525.0,295.3,296.4,12.0,6.0,C,2027-09-30,7803.91015625,2026-10-07T14:48-04:00
8550.0,285.2,286.3,4.0,20.0,C,2027-09-30,7803.91015625,2026-10-07T14:48-04:00
8590.0,269.6,270.6,2.0,1.0,C,2027-09-30,7803.91015625,2026-10-07T14:48-04:00
8600.0,266.0,267.3,2.0,4.0,C,2027-09-30,7803.91015625,2026-10-07T14:48-04:00
8650.0,247.3,248.4,4.0,33.0,C,2027-09-30,7803.91015625,2026-10-07T14:48-04:00
8700.0,229.9,230.9,1.0,39.0,C,2027-09-30,7803.91015625,2026-10-07T14:48-04:00
8750.0,213.6,214.4,2.0,1.0,C,2027-09-30,7803.91015625,2026-10-07T14:48-04:00
8800.0,198.1,199.0,5.0,45.0,C,2027-09-30,7803.91015625,2026-10-07T14:48-04:00
8900.0,169.7,170.6,14.0,45.0,C,2027-09-30,7803.91015625,2026-10-07T14:48-04:00
9000.0,144.9,145.8,1.0,69.0,C,2027-09-30,7803.91015625,2026-10-07T14:48-04:00
9010.0,142.7,143.5,,7.0,C,2027-09-30,7803.91015625,2026-10-07T14:48-04:00
9025.0,139.4,140.4,1.0,7.0,C,2027-09-30,7803.91015625,2026-10-07T14:48-04:00
9075.0,128.4,129.3,4.0,2.0,C,2027-09-30,7803.91015625,2026-10-07T14:48-04:00
9100.0,123.3,124.0,4.0,5.0,C,2027-09-30,7803.91015625,2026-10-07T14:48-04:00
9120.0,119.4,120.1,24.0,12.0,C,2027-09-30,7803.91015625,2026-10-07T14:48-04:00
9180.0,107.8,108.6,,20.0,C,2027-09-30,7803.91015625,2026-10-07T14:48-04:00
9200.0,104.5,105.2,4.0,13.0,C,2027-09-30,7803.91015625,2026-10-07T14:48-04:00
9250.0,96.2,96.8,90.0,90.0,C,2027-09-30,7803.91015625,2026-10-07T14:48-04:00
9260.0,94.6,95.4,2.0,1.0,C,2027-09-30,7803.91015625,2026-10-07T14:48-04:00
9300.0,88.3,89.1,4.0,16.0,C,2027-09-30,7803.91015625,2026-10-07T14:48-04:00
9335.0,83.1,83.7,,12.0,C,2027-09-30,7803.91015625,2026-10-07T14:48-04:00
9350.0,80.9,81.5,,1.0,C,2027-09-30,7803.91015625,2026-10-07T14:48-04:00
9400.0,74.2,74.7,7.0,53.0,C,2027-09-30,7803.91015625,2026-10-07T14:48-04:00
9410.0,73.1,73.6,,1.0,C,2027-09-30,7803.91015625,2026-10-07T14:48-04:00
9415.0,72.4,72.9,,1.0,C,2027-09-30,7803.91015625,2026-10-07T14:48-04:00
9450.0,68.1,68.6,21.0,21.0,C,2027-09-30,7803.91015625,2026-10-07T14:48-04:00
9500.0,62.3,62.8,33.0,45.0,C,2027-09-30,7803.91015625,2026-10-07T14:48-04:00
9600.0,52.1,52.6,1.0,4.0,C,2027-09-30,7803.91015625,2026-10-07T14:48-04:00
3200.0,13.1,13.5,1.0,6.0,P,2027-09-30,7803.91015625,2026-10-07T14:48-04:00
3400.0,15.4,15.7,2.0,3.0,P,2027-09-30,7803.91015625,2026-10-07T14:48-04:00
3600.0,18.0,18.2,1.0,3.0,P,2027-09-30,7803.91015625,2026-10-07T14:48-04:00
3900.0,22.4,22.6,,1.0,P,2027-09-30,7803.91015625,2026-10-07T14:48-04:00
4100.0,25.8,26.0,50.0,51.0,P,2027-09-30,7803.91015625,2026-10-07T14:48-04:00
4500.0,33.8,34.2,4.0,8.0,P,2027-09-30,7803.91015625,2026-10-07T14:48-04:00
4700.0,38.7,39.1,4.0,2.0,P,2027-09-30,7803.91015625,2026-10-07T14:48-04:00
5000.0,47.5,48.0,1.0,2.0,P,2027-09-30,7803.91015625,2026-10-07T14:48-04:00
5100.0,50.8,51.4,2.0,8.0,P,2027-09-30,7803.91015625,2026-10-07T14:48-04:00
5200.0,54.4,55.0,3.0,25.0,P,2027-09-30,7803.91015625,2026-10-07T14:48-04:00
5300.0,58.5,59.1,1.0,20.0,P,2027-09-30,7803.91015625,2026-10-07T14:48-04:00
5350.0,60.6,61.2,,1.0,P,2027-09-30,7803.91015625,2026-10-07T14:48-04:00
5400.0,62.8,63.4,,45.0,P,2027-09-30,7803.91015625,2026-10-07T14:48-04:00
5500.0,67.4,68.1,1.0,7.0,P,2027-09-30,7803.91015625,2026-10-07T14:48-04:00
5600.0,72.5,73.1,2.0,2.0,P,2027-09-30,7803.91015625,2026-10-07T14:48-04:00
5650.0,75.2,75.8,2.0,2.0,P,2027-09-30,7803.91015625,2026-10-07T14:48-04:00
5700.0,78.0,78.7,2.0,6.0,P,2027-09-30,7803.91015625,2026-10-07T14:48-04:00
5750.0,80.9,81.6,2.0,2.0,P,2027-09-30,7803.91015625,2026-10-07T14:48-04:00
5800.0,84.0,84.7,2.0,13.0,P,2027-09-30,7803.91015625,2026-10-07T14:48-04:00
5850.0,87.1,87.7,2.0,2.0,P,2027-09-30,7803.91015625,2026-10-07T14:48-04:00
5900.0,90.4,91.1,1.0,3.0,P,2027-09-30,7803.91015625,2026-10-07T14:48-04:00
5950.0,93.8,94.5,4.0,7.0,P,2027-09-30,7803.91015625,2026-10-07T14:48-04:00
6000.0,97.5,98.1,6.0,17.0,P,2027-09-30,7803.91015625,2026-10-07T14:48-04:00
6050.0,101.2,101.8,8.0,9.0,P,2027-09-30,7803.91015625,2026-10-07T14:48-04:00
6100.0,105.0,105.6,4.0,2.0,P,2027-09-30,7803.91015625,2026-10-07T14:48-04:00
6150.0,109.0,109.7,25.0,27.0,P,2027-09-30,7803.91015625,2026-10-07T14:48-04:00
6200.0,113.3,113.9,2.0,189.0,P,2027-09-30,7803.91015625,2026-10-07T14:48-04:00
6250.0,117.5,118.2,1.0,3.0,P,2027-09-30,7803.91015625,2026-10-07T14:48-04:00
6300.0,122.1,122.8,2.0,27.0,P,2027-09-30,7803.91015625,2026-10-07T14:48-04:00
6425.0,134.2,134.9,164.0,32.0,P,2027-09-30,7803.91015625,2026-10-07T14:48-04:00
6450.0,136.8,137.5,100.0,28.0,P,2027-09-30,7803.91015625,2026-10-07T14:48-04:00
6475.0,139.4,140.1,64.0,32.0,P,2027-09-30,7803.91015625,2026-10-07T14:48-04:00
6500.0,142.2,142.9,270.0,541.0,P,2027-09-30,7803.91015625,2026-10-07T14:48-04:00
6550.0,147.6,148.3,2.0,2.0,P,2027-09-30,7803.91015625,2026-10-07T14:48-04:00
6675.0,162.5,163.3,,6.0,P,2027-09-30,7803.91015625,2026-10-07T14:48-04:00
6700.0,165.7,166.5,1.0,1.0,P,2027-09-30,7803.91015625,2026-10-07T14:48-04:00
6725.0,168.8,169.6,,3.0,P,2027-09-30,7803.91015625,2026-10-07T14:48-04:00
6750.0,172.1,172.9,2.0,1.0,P,2027-09-30,7803.91015625,2026-10-07T14:48-04:00
6825.0,182.2,183.1,2.0,1.0,P,2027-09-30,7803.91015625,2026-10-07T14:48-04:00
6850.0,185.8,186.6,2.0,2.0,P,2027-09-30,7803.91015625,2026-10-07T14:48-04:00
6875.0,189.4,190.2,4.0,68.0,P,2027-09-30,7803.91015625,2026-10-07T14:48-04:00
6885.0,190.9,191.7,,20.0,P,2027-09-30,7803.91015625,2026-10-07T14:48-04:00
6900.0,193.0,193.9,2.0,3.0,P,2027-09-30,7803.91015625,2026-10-07T14:48-04:00
6925.0,197.1,197.9,50.0,85.0,P,2027-09-30,7803.91015625,2026-10-07T14:48-04:00
6935.0,198.3,199.1,2.0,1.0,P,2027-09-30,7803.91015625,2026-10-07T14:48-04:00
6950.0,200.7,201.5,2.0,1.0,P,2027-09-30,7803.91015625,2026-10-07T14:48-04:00
6975.0,204.7,205.5,2.0,100.0,P,2027-09-30,7803.91015625,2026-10-07T14:48-04:00
7000.0,208.7,209.5,70.0,576.0,P,2027-09-30,7803.91015625,2026-10-07T14:48-04:00
7025.0,212.7,213.5,2.0,3.0,P,2027-09-30,7803.91015625,2026-10-07T14:48-04:00
7050.0,216.8,217.6,2.0,3.0,P,2027-09-30,7803.91015625,2026-10-07T14:48-04:00
7100.0,225.3,226.1,1.0,4.0,P,2027-09-30,7803.91015625,2026-10-07T14:48-04:00
7125.0,229.6,230.4,10.0,7.0,P,2027-09-30,7803.91015625,2026-10-07T14:48-04:00
7150.0,234.3,235.1,2.0,2.0,P,2027-09-30,7803.91015625,2026-10-07T14:48-04:00
7175.0,238.6,239.4,2.0,97.0,P,2027-09-30,7803.91015625,2026-10-07T14:48-04:00
7200.0,243.2,244.1,2.0,15.0,P,2027-09-30,7803.91015625,2026-10-07T14:48-04:00
7225.0,247.9,248.9,41.0,39.0,P,2027-09-30,7803.91015625,2026-10-07T14:48-04:00
7250.0,253.1,253.9,26.0,13.0,P,2027-09-30,7803.91015625,2026-10-07T14:48-04:00
7275.0,257.8,258.7,2.0,16.0,P,2027-09-30,7803.91015625,2026-10-07T14:48-04:00
7300.0,262.7,263.6,14.0,11.0,P,2027-09-30,7803.91015625,2026-10-07T14:48-04:00
7325.0,267.8,268.7,2.0,189.0,P,2027-09-30,7803.91015625,2026-10-07T14:48-04:00
7350.0,273.1,274.0,13.0,19.0,P,2027-09-30,7803.91015625,2026-10-07T14:48-04:00
7375.0,278.5,279.4,2.0,3.0,P,2027-09-30,7803.91015625,2026-10-07T14:48-04:00
7400.0,283.9,284.8,20.0,71.0,P,2027-09-30,7803.91015625,2026-10-07T14:48-04:00
7425.0,289.4,290.3,26.0,167.0,P,2027-09-30,7803.91015625,2026-10-07T14:48-04:00
7450.0,295.0,295.9,102.0,112.0,P,2027-09-30,7803.91015625,2026-10-07T14:48-04:00
7475.0,300.6,301.6,18.0,14.0,P,2027-09-30,7803.91015625,2026-10-07T14:48-04:00
7500.0,306.8,307.7,16.0,17.0,P,2027-09-30,7803.91015625,2026-10-07T14:48-04:00
7550.0,318.5,319.4,4.0,0.0,P,2027-09-30,7803.91015625,2026-10-07T14:48-04:00
7575.0,324.7,325.7,82.0,36.0,P,2027-09-30,7803.91015625,2026-10-07T14:48-04:00
7590.0,328.5,329.5,,1.0,P,2027-09-30,7803.91015625,2026-10-07T14:48-04:00
7600.0,330.9,331.8,2.0,7.0,P,2027-09-30,7803.91015625,2026-10-07T14:48-04:00
7625.0,337.4,338.4,,26.0,P,2027-09-30,7803.91015625,2026-10-07T14:48-04:00
7650.0,343.9,344.8,1.0,228.0,P,2027-09-30,7803.91015625,2026-10-07T14:48-04:00
7665.0,347.9,348.8,2.0,2.0,P,2027-09-30,7803.91015625,2026-10-07T14:48-04:00
7670.0,349.2,350.2,,2.0,P,2027-09-30,7803.91015625,2026-10-07T14:48-04:00
7675.0,350.5,351.7,2.0,36.0,P,2027-09-30,7803.91015625,2026-10-07T14:48-04:00
7680.0,351.9,352.9,,1.0,P,2027-09-30,7803.91015625,2026-10-07T14:48-04:00
7685.0,353.3,354.3,,1.0,P,2027-09-30,7803.91015625,2026-10-07T14:48-04:00
7690.0,354.7,355.7,15.0,37.0,P,2027-09-30,7803.91015625,2026-10-07T14:48-04:00
7700.0,357.3,358.3,2.0,558.0,P,2027-09-30,7803.91015625,2026-10-07T14:48-04:00
7705.0,358.8,359.8,4.0,26.0,P,2027-09-30,7803.91015625,2026-10-07T14:48-04:00
7725.0,364.4,365.4,2.0,4.0,P,2027-09-30,7803.91015625,2026-10-07T14:48-04:00
7750.0,371.5,372.5,4.0,51.0,P,2027-09-30,7803.91015625,2026-10-07T14:48-04:00
7760.0,374.4,375.3,12.0,3.0,P,2027-09-30,7803.91015625,2026-10-07T14:48-04:00
7770.0,377.2,378.2,2.0,2.0,P,2027-09-30,7803.91015625,2026-10-07T14:48-04:00
7775.0,378.7,379.7,2.0,3.0,P,2027-09-30,7803.91015625,2026-10-07T14:48-04:00
7785.0,381.6,382.6,,2.0,P,2027-09-30,7803.91015625,2026-10-07T14:48-04:00
7800.0,386.0,387.0,9.0,568.0,P,2027-09-30,7803.91015625,2026-10-07T14:48-04:00
7810.0,389.0,390.0,2.0,4.0,P,2027-09-30,7803.91015625,2026-10-07T14:48-04:00
7820.0,391.3,393.0,2.0,3.0,P,2027-09-30,7803.91015625,2026-10-07T14:48-04:00
7825.0,393.7,395.2,8.0,34.0,P,2027-09-30,7803.91015625,2026-10-07T14:48-04:00
7850.0,401.3,402.4,2.0,7.0,P,2027-09-30,7803.91015625,2026-10-07T14:48-04:00
7875.0,409.2,410.3,200.0,200.0,P,2027-09-30,7803.91015625,2026-10-07T14:48-04:00
7900.0,416.4,418.2,1.0,14.0,P,2027-09-30,7803.91015625,2026-10-07T14:48-04:00
7925.0,425.4,426.6,2.0,16.0,P,2027-09-30,7803.91015625,2026-10-07T14:48-04:00
7950.0,433.8,434.9,2.0,87.0,P,2027-09-30,7803.91015625,2026-10-07T14:48-04:00
7975.0,442.2,443.2,6.0,45.0,P,2027-09-30,7803.91015625,2026-10-07T14:48-04:00
8000.0,451.4,452.4,70.0,45.0,P,2027-09-30,7803.91015625,2026-10-07T14:48-04:00
8025.0,460.1,461.2,20.0,55.0,P,2027-09-30,7803.91015625,2026-10-07T14:48-04:00
8050.0,469.3,470.4,2.0,9.0,P,2027-09-30,7803.91015625,2026-10-07T14:48-04:00
8075.0,477.7,479.7,6.0,7.0,P,2027-09-30,7803.91015625,2026-10-07T14:48-04:00
8100.0,488.3,489.4,4.0,8.0,P,2027-09-30,7803.91015625,2026-10-07T14:48-04:00
8120.0,496.0,497.1,2.0,11.0,P,2027-09-30,7803.91015625,2026-10-07T14:48-04:00
8125.0,498.2,499.2,103.0,104.0,P,2027-09-30,7803.91015625,2026-10-07T14:48-04:00
8130.0,500.1,501.2,4.0,1.0,P,2027-09-30,7803.91015625,2026-10-07T14:48-04:00
8140.0,504.2,505.2,44.0,34.0,P,2027-09-30,7803.91015625,2026-10-07T14:48-04:00
8145.0,506.0,507.1,6.0,4.0,P,2027-09-30,7803.91015625,2026-10-07T14:48-04:00
8150.0,508.2,509.2,14.0,3.0,P,2027-09-30,7803.91015625,2026-10-07T14:48-04:00
8165.0,514.1,515.2,,1.0,P,2027-09-30,7803.91015625,2026-10-07T14:48-04:00
8170.0,516.2,517.2,,1.0,P,2027-09-30,7803.91015625,2026-10-07T14:48-04:00
8200.0,527.6,529.6,2.0,5.0,P,2027-09-30,7803.91015625,2026-10-07T14:48-04:00
8205.0,530.9,532.0,,2.0,P,2027-09-30,7803.91015625,2026-10-07T14:48-04:00
8210.0,532.9,534.0,,41.0,P,2027-09-30,7803.91015625,2026-10-07T14:48-04:00
8215.0,535.2,536.2,2.0,93.0,P,2027-09-30,7803.91015625,2026-10-07T14:48-04:00
8220.0,537.3,538.3,,2.0,P,2027-09-30,7803.91015625,2026-10-07T14:48-04:00
8225.0,539.4,540.5,2.0,4.0,P,2027-09-30,7803.91015625,2026-10-07T14:48-04:00
8250.0,549.0,551.1,2.0,37.0,P,2027-09-30,7803.91015625,2026-10-07T14:48-04:00
8270.0,559.0,560.0,4.0,3.0,P,2027-09-30,7803.91015625,2026-10-07T14:48-04:00
8275.0,561.2,562.3,,2.0,P,2027-09-30,7803.91015625,2026-10-07T14:48-04:00
8300.0,572.5,573.6,2.0,61.0,P,2027-09-30,7803.91015625,2026-10-07T14:48-04:00
8325.0,584.2,585.3,2.0,3.0,P,2027-09-30,7803.91015625,2026-10-07T14:48-04:00
8335.0,589.0,590.0,2.0,42.0,P,2027-09-30,7803.91015625,2026-10-07T14:48-04:00
8350.0,595.9,596.9,2.0,111.0,P,2027-09-30,7803.91015625,2026-10-07T14:48-04:00
8390.0,615.4,616.5,2.0,0.0,P,2027-09-30,7803.91015625,2026-10-07T14:48-04:00
8400.0,618.8,621.0,2.0,52.0,P,2027-09-30,7803.91015625,2026-10-07T14:48-04:00
8410.0,623.8,626.0,2.0,1.0,P,2027-09-30,7803.91015625,2026-10-07T14:48-04:00
8415.0,627.8,628.9,4.0,22.0,P,2027-09-30,7803.91015625,2026-10-07T14:48-04:00
8420.0,628.8,631.0,,2.0,P,2027-09-30,7803.91015625,2026-10-07T14:48-04:00
8435.0,636.2,638.6,4.0,2.0,P,2027-09-30,7803.91015625,2026-10-07T14:48-04:00
8440.0,640.4,641.5,16.0,1.0,P,2027-09-30,7803.91015625,2026-10-07T14:48-04:00
8450.0,645.4,646.6,6.0,5.0,P,2027-09-30,7803.91015625,2026-10-07T14:48-04:00
8465.0,651.6,654.0,1.0,45.0,P,2027-09-30,7803.91015625,2026-10-07T14:48-04:00
8480.0,661.2,662.2,1.0,4.0,P,2027-09-30,7803.91015625,2026-10-07T14:48-04:00
8490.0,666.5,667.6,,2.0,P,2027-09-30,7803.91015625,2026-10-07T14:48-04:00
8500.0,671.8,672.8,4.0,54.0,P,2027-09-30,7803.91015625,2026-10-07T14:48-04:00
8520.0,682.6,683.6,6.0,2.0,P,2027-09-30,7803.91015625,2026-10-07T14:48-04:00
8525.0,685.3,686.3,4.0,2.0,P,2027-09-30,7803.91015625,2026-10-07T14:48-04:00
8535.0,690.8,691.8,12.0,1.0,P,2027-09-30,7803.91015625,2026-10-07T14:48-04:00
8540.0,693.3,694.3,,41.0,P,2027-09-30,7803.91015625,2026-10-07T14:48-04:00
8550.0,699.0,700.1,4.0,15.0,P,2027-09-30,7803.91015625,2026-10-07T14:48-04:00
8575.0,713.0,714.0,2.0,1.0,P,2027-09-30,7803.91015625,2026-10-07T14:48-04:00
8580.0,715.8,716.9,2.0,1.0,P,2027-09-30,7803.91015625,2026-10-07T14:48-04:00
8595.0,708.9,725.2,,2.0,P,2027-09-30,7803.91015625,2026-10-07T14:48-04:00
8600.0,726.9,728.0,2.0,1.0,P,2027-09-30,7803.91015625,2026-10-07T14:48-04:00
8650.0,756.2,757.3,4.0,3.0,P,2027-09-30,7803.91015625,2026-10-07T14:48-04:00
8700.0,786.6,787.7,1.0,19.0,P,2027-09-30,7803.91015625,2026-10-07T14:48-04:00
8750.0,817.6,818.6,2.0,0.0,P,2027-09-30,7803.91015625,2026-10-07T14:48-04:00
8800.0,848.9,854.1,4.0,9.0,P,2027-09-30,7803.91015625,2026-10-07T14:48-04:00
9000.0,984.7,991.9,4.0,5.0,P,2027-09-30,7803.91015625,2026-10-07T14:48-04:00
